sk_race,raceId,year,round,circuitId,name,date,source_id,load_timestamp
1,1,2009,1,1,australian grand prix,2009-03-29,kaggle_races,2026-05-15 08:49:13
2,2,2009,2,2,malaysian grand prix,2009-04-05,kaggle_races,2026-05-15 08:49:13
3,3,2009,3,17,chinese grand prix,2009-04-19,kaggle_races,2026-05-15 08:49:13
4,4,2009,4,3,bahrain grand prix,2009-04-26,kaggle_races,2026-05-15 08:49:13
5,5,2009,5,4,spanish grand prix,2009-05-10,kaggle_races,2026-05-15 08:49:13
6,6,2009,6,6,monaco grand prix,2009-05-24,kaggle_races,2026-05-15 08:49:13
7,7,2009,7,5,turkish grand prix,2009-06-07,kaggle_races,2026-05-15 08:49:13
8,8,2009,8,9,british grand prix,2009-06-21,kaggle_races,2026-05-15 08:49:13
9,9,2009,9,20,german grand prix,2009-07-12,kaggle_races,2026-05-15 08:49:13
10,10,2009,10,11,hungarian grand prix,2009-07-26,kaggle_races,2026-05-15 08:49:13
11,11,2009,11,12,european grand prix,2009-08-23,kaggle_races,2026-05-15 08:49:13
12,12,2009,12,13,belgian grand prix,2009-08-30,kaggle_races,2026-05-15 08:49:13
13,13,2009,13,14,italian grand prix,2009-09-13,kaggle_races,2026-05-15 08:49:13
14,14,2009,14,15,singapore grand prix,2009-09-27,kaggle_races,2026-05-15 08:49:13
15,15,2009,15,22,japanese grand prix,2009-10-04,kaggle_races,2026-05-15 08:49:13
16,16,2009,16,18,brazilian grand prix,2009-10-18,kaggle_races,2026-05-15 08:49:13
17,17,2009,17,24,abu dhabi grand prix,2009-11-01,kaggle_races,2026-05-15 08:49:13
18,18,2008,1,1,australian grand prix,2008-03-16,kaggle_races,2026-05-15 08:49:13
19,19,2008,2,2,malaysian grand prix,2008-03-23,kaggle_races,2026-05-15 08:49:13
20,20,2008,3,3,bahrain grand prix,2008-04-06,kaggle_races,2026-05-15 08:49:13
21,21,2008,4,4,spanish grand prix,2008-04-27,kaggle_races,2026-05-15 08:49:13
22,22,2008,5,5,turkish grand prix,2008-05-11,kaggle_races,2026-05-15 08:49:13
23,23,2008,6,6,monaco grand prix,2008-05-25,kaggle_races,2026-05-15 08:49:13
24,24,2008,7,7,canadian grand prix,2008-06-08,kaggle_races,2026-05-15 08:49:13
25,25,2008,8,8,french grand prix,2008-06-22,kaggle_races,2026-05-15 08:49:13
26,26,2008,9,9,british grand prix,2008-07-06,kaggle_races,2026-05-15 08:49:13
27,27,2008,10,10,german grand prix,2008-07-20,kaggle_races,2026-05-15 08:49:13
28,28,2008,11,11,hungarian grand prix,2008-08-03,kaggle_races,2026-05-15 08:49:13
29,29,2008,12,12,european grand prix,2008-08-24,kaggle_races,2026-05-15 08:49:13
30,30,2008,13,13,belgian grand prix,2008-09-07,kaggle_races,2026-05-15 08:49:13
31,31,2008,14,14,italian grand prix,2008-09-14,kaggle_races,2026-05-15 08:49:13
32,32,2008,15,15,singapore grand prix,2008-09-28,kaggle_races,2026-05-15 08:49:13
33,33,2008,16,16,japanese grand prix,2008-10-12,kaggle_races,2026-05-15 08:49:13
34,34,2008,17,17,chinese grand prix,2008-10-19,kaggle_races,2026-05-15 08:49:13
35,35,2008,18,18,brazilian grand prix,2008-11-02,kaggle_races,2026-05-15 08:49:13
36,36,2007,1,1,australian grand prix,2007-03-18,kaggle_races,2026-05-15 08:49:13
37,37,2007,2,2,malaysian grand prix,2007-04-08,kaggle_races,2026-05-15 08:49:13
38,38,2007,3,3,bahrain grand prix,2007-04-15,kaggle_races,2026-05-15 08:49:13
39,39,2007,4,4,spanish grand prix,2007-05-13,kaggle_races,2026-05-15 08:49:13
40,40,2007,5,6,monaco grand prix,2007-05-27,kaggle_races,2026-05-15 08:49:13
41,41,2007,6,7,canadian grand prix,2007-06-10,kaggle_races,2026-05-15 08:49:13
42,42,2007,7,19,united states grand prix,2007-06-17,kaggle_races,2026-05-15 08:49:13
43,43,2007,8,8,french grand prix,2007-07-01,kaggle_races,2026-05-15 08:49:13
44,44,2007,9,9,british grand prix,2007-07-08,kaggle_races,2026-05-15 08:49:13
45,45,2007,10,20,european grand prix,2007-07-22,kaggle_races,2026-05-15 08:49:13
46,46,2007,11,11,hungarian grand prix,2007-08-05,kaggle_races,2026-05-15 08:49:13
47,47,2007,12,5,turkish grand prix,2007-08-26,kaggle_races,2026-05-15 08:49:13
48,48,2007,13,14,italian grand prix,2007-09-09,kaggle_races,2026-05-15 08:49:13
49,49,2007,14,13,belgian grand prix,2007-09-16,kaggle_races,2026-05-15 08:49:13
50,50,2007,15,16,japanese grand prix,2007-09-30,kaggle_races,2026-05-15 08:49:13
51,51,2007,16,17,chinese grand prix,2007-10-07,kaggle_races,2026-05-15 08:49:13
52,52,2007,17,18,brazilian grand prix,2007-10-21,kaggle_races,2026-05-15 08:49:13
53,53,2006,1,3,bahrain grand prix,2006-03-12,kaggle_races,2026-05-15 08:49:13
54,54,2006,2,2,malaysian grand prix,2006-03-19,kaggle_races,2026-05-15 08:49:13
55,55,2006,3,1,australian grand prix,2006-04-02,kaggle_races,2026-05-15 08:49:13
56,56,2006,4,21,san marino grand prix,2006-04-23,kaggle_races,2026-05-15 08:49:13
57,57,2006,5,20,european grand prix,2006-05-07,kaggle_races,2026-05-15 08:49:13
58,58,2006,6,4,spanish grand prix,2006-05-14,kaggle_races,2026-05-15 08:49:13
59,59,2006,7,6,monaco grand prix,2006-05-28,kaggle_races,2026-05-15 08:49:13
60,60,2006,8,9,british grand prix,2006-06-11,kaggle_races,2026-05-15 08:49:13
61,61,2006,9,7,canadian grand prix,2006-06-25,kaggle_races,2026-05-15 08:49:13
62,62,2006,10,19,united states grand prix,2006-07-02,kaggle_races,2026-05-15 08:49:13
63,63,2006,11,8,french grand prix,2006-07-16,kaggle_races,2026-05-15 08:49:13
64,64,2006,12,10,german grand prix,2006-07-30,kaggle_races,2026-05-15 08:49:13
65,65,2006,13,11,hungarian grand prix,2006-08-06,kaggle_races,2026-05-15 08:49:13
66,66,2006,14,5,turkish grand prix,2006-08-27,kaggle_races,2026-05-15 08:49:13
67,67,2006,15,14,italian grand prix,2006-09-10,kaggle_races,2026-05-15 08:49:13
68,68,2006,16,17,chinese grand prix,2006-10-01,kaggle_races,2026-05-15 08:49:13
69,69,2006,17,22,japanese grand prix,2006-10-08,kaggle_races,2026-05-15 08:49:13
70,70,2006,18,18,brazilian grand prix,2006-10-22,kaggle_races,2026-05-15 08:49:13
71,71,2005,1,1,australian grand prix,2005-03-06,kaggle_races,2026-05-15 08:49:13
72,72,2005,2,2,malaysian grand prix,2005-03-20,kaggle_races,2026-05-15 08:49:13
73,73,2005,3,3,bahrain grand prix,2005-04-03,kaggle_races,2026-05-15 08:49:13
74,74,2005,4,21,san marino grand prix,2005-04-24,kaggle_races,2026-05-15 08:49:13
75,75,2005,5,4,spanish grand prix,2005-05-08,kaggle_races,2026-05-15 08:49:13
76,76,2005,6,6,monaco grand prix,2005-05-22,kaggle_races,2026-05-15 08:49:13
77,77,2005,7,20,european grand prix,2005-05-29,kaggle_races,2026-05-15 08:49:13
78,78,2005,8,7,canadian grand prix,2005-06-12,kaggle_races,2026-05-15 08:49:13
79,79,2005,9,19,united states grand prix,2005-06-19,kaggle_races,2026-05-15 08:49:13
80,80,2005,10,8,french grand prix,2005-07-03,kaggle_races,2026-05-15 08:49:13
81,81,2005,11,9,british grand prix,2005-07-10,kaggle_races,2026-05-15 08:49:13
82,82,2005,12,10,german grand prix,2005-07-24,kaggle_races,2026-05-15 08:49:13
83,83,2005,13,11,hungarian grand prix,2005-07-31,kaggle_races,2026-05-15 08:49:13
84,84,2005,14,5,turkish grand prix,2005-08-21,kaggle_races,2026-05-15 08:49:13
85,85,2005,15,14,italian grand prix,2005-09-04,kaggle_races,2026-05-15 08:49:13
86,86,2005,16,13,belgian grand prix,2005-09-11,kaggle_races,2026-05-15 08:49:13
87,87,2005,17,18,brazilian grand prix,2005-09-25,kaggle_races,2026-05-15 08:49:13
88,88,2005,18,22,japanese grand prix,2005-10-09,kaggle_races,2026-05-15 08:49:13
89,89,2005,19,17,chinese grand prix,2005-10-16,kaggle_races,2026-05-15 08:49:13
90,90,2004,1,1,australian grand prix,2004-03-07,kaggle_races,2026-05-15 08:49:13
91,91,2004,2,2,malaysian grand prix,2004-03-21,kaggle_races,2026-05-15 08:49:13
92,92,2004,3,3,bahrain grand prix,2004-04-04,kaggle_races,2026-05-15 08:49:13
93,93,2004,4,21,san marino grand prix,2004-04-25,kaggle_races,2026-05-15 08:49:13
94,94,2004,5,4,spanish grand prix,2004-05-09,kaggle_races,2026-05-15 08:49:13
95,95,2004,6,6,monaco grand prix,2004-05-23,kaggle_races,2026-05-15 08:49:13
96,96,2004,7,20,european grand prix,2004-05-30,kaggle_races,2026-05-15 08:49:13
97,97,2004,8,7,canadian grand prix,2004-06-13,kaggle_races,2026-05-15 08:49:13
98,98,2004,9,19,united states grand prix,2004-06-20,kaggle_races,2026-05-15 08:49:13
99,99,2004,10,8,french grand prix,2004-07-04,kaggle_races,2026-05-15 08:49:13
100,100,2004,11,9,british grand prix,2004-07-11,kaggle_races,2026-05-15 08:49:13
101,101,2004,12,10,german grand prix,2004-07-25,kaggle_races,2026-05-15 08:49:13
102,102,2004,13,11,hungarian grand prix,2004-08-15,kaggle_races,2026-05-15 08:49:13
103,103,2004,14,13,belgian grand prix,2004-08-29,kaggle_races,2026-05-15 08:49:13
104,104,2004,15,14,italian grand prix,2004-09-12,kaggle_races,2026-05-15 08:49:13
105,105,2004,16,17,chinese grand prix,2004-09-26,kaggle_races,2026-05-15 08:49:13
106,106,2004,17,22,japanese grand prix,2004-10-10,kaggle_races,2026-05-15 08:49:13
107,107,2004,18,18,brazilian grand prix,2004-10-24,kaggle_races,2026-05-15 08:49:13
108,108,2003,1,1,australian grand prix,2003-03-09,kaggle_races,2026-05-15 08:49:13
109,109,2003,2,2,malaysian grand prix,2003-03-23,kaggle_races,2026-05-15 08:49:13
110,110,2003,3,18,brazilian grand prix,2003-04-06,kaggle_races,2026-05-15 08:49:13
111,111,2003,4,21,san marino grand prix,2003-04-20,kaggle_races,2026-05-15 08:49:13
112,112,2003,5,4,spanish grand prix,2003-05-04,kaggle_races,2026-05-15 08:49:13
113,113,2003,6,70,austrian grand prix,2003-05-18,kaggle_races,2026-05-15 08:49:13
114,114,2003,7,6,monaco grand prix,2003-06-01,kaggle_races,2026-05-15 08:49:13
115,115,2003,8,7,canadian grand prix,2003-06-15,kaggle_races,2026-05-15 08:49:13
116,116,2003,9,20,european grand prix,2003-06-29,kaggle_races,2026-05-15 08:49:13
117,117,2003,10,8,french grand prix,2003-07-06,kaggle_races,2026-05-15 08:49:13
118,118,2003,11,9,british grand prix,2003-07-20,kaggle_races,2026-05-15 08:49:13
119,119,2003,12,10,german grand prix,2003-08-03,kaggle_races,2026-05-15 08:49:13
120,120,2003,13,11,hungarian grand prix,2003-08-24,kaggle_races,2026-05-15 08:49:13
121,121,2003,14,14,italian grand prix,2003-09-14,kaggle_races,2026-05-15 08:49:13
122,122,2003,15,19,united states grand prix,2003-09-28,kaggle_races,2026-05-15 08:49:13
123,123,2003,16,22,japanese grand prix,2003-10-12,kaggle_races,2026-05-15 08:49:13
124,124,2002,1,1,australian grand prix,2002-03-03,kaggle_races,2026-05-15 08:49:13
125,125,2002,2,2,malaysian grand prix,2002-03-17,kaggle_races,2026-05-15 08:49:13
126,126,2002,3,18,brazilian grand prix,2002-03-31,kaggle_races,2026-05-15 08:49:13
127,127,2002,4,21,san marino grand prix,2002-04-14,kaggle_races,2026-05-15 08:49:13
128,128,2002,5,4,spanish grand prix,2002-04-28,kaggle_races,2026-05-15 08:49:13
129,129,2002,6,70,austrian grand prix,2002-05-12,kaggle_races,2026-05-15 08:49:13
130,130,2002,7,6,monaco grand prix,2002-05-26,kaggle_races,2026-05-15 08:49:13
131,131,2002,8,7,canadian grand prix,2002-06-09,kaggle_races,2026-05-15 08:49:13
132,132,2002,9,20,european grand prix,2002-06-23,kaggle_races,2026-05-15 08:49:13
133,133,2002,10,9,british grand prix,2002-07-07,kaggle_races,2026-05-15 08:49:13
134,134,2002,11,8,french grand prix,2002-07-21,kaggle_races,2026-05-15 08:49:13
135,135,2002,12,10,german grand prix,2002-07-28,kaggle_races,2026-05-15 08:49:13
136,136,2002,13,11,hungarian grand prix,2002-08-18,kaggle_races,2026-05-15 08:49:13
137,137,2002,14,13,belgian grand prix,2002-09-01,kaggle_races,2026-05-15 08:49:13
138,138,2002,15,14,italian grand prix,2002-09-15,kaggle_races,2026-05-15 08:49:13
139,139,2002,16,19,united states grand prix,2002-09-29,kaggle_races,2026-05-15 08:49:13
140,140,2002,17,22,japanese grand prix,2002-10-13,kaggle_races,2026-05-15 08:49:13
141,141,2001,1,1,australian grand prix,2001-03-04,kaggle_races,2026-05-15 08:49:13
142,142,2001,2,2,malaysian grand prix,2001-03-18,kaggle_races,2026-05-15 08:49:13
143,143,2001,3,18,brazilian grand prix,2001-04-01,kaggle_races,2026-05-15 08:49:13
144,144,2001,4,21,san marino grand prix,2001-04-15,kaggle_races,2026-05-15 08:49:13
145,145,2001,5,4,spanish grand prix,2001-04-29,kaggle_races,2026-05-15 08:49:13
146,146,2001,6,70,austrian grand prix,2001-05-13,kaggle_races,2026-05-15 08:49:13
147,147,2001,7,6,monaco grand prix,2001-05-27,kaggle_races,2026-05-15 08:49:13
148,148,2001,8,7,canadian grand prix,2001-06-10,kaggle_races,2026-05-15 08:49:13
149,149,2001,9,20,european grand prix,2001-06-24,kaggle_races,2026-05-15 08:49:13
150,150,2001,10,8,french grand prix,2001-07-01,kaggle_races,2026-05-15 08:49:13
151,151,2001,11,9,british grand prix,2001-07-15,kaggle_races,2026-05-15 08:49:13
152,152,2001,12,10,german grand prix,2001-07-29,kaggle_races,2026-05-15 08:49:13
153,153,2001,13,11,hungarian grand prix,2001-08-19,kaggle_races,2026-05-15 08:49:13
154,154,2001,14,13,belgian grand prix,2001-09-02,kaggle_races,2026-05-15 08:49:13
155,155,2001,15,14,italian grand prix,2001-09-16,kaggle_races,2026-05-15 08:49:13
156,156,2001,16,19,united states grand prix,2001-09-30,kaggle_races,2026-05-15 08:49:13
157,157,2001,17,22,japanese grand prix,2001-10-14,kaggle_races,2026-05-15 08:49:13
158,158,2000,1,1,australian grand prix,2000-03-12,kaggle_races,2026-05-15 08:49:13
159,159,2000,2,18,brazilian grand prix,2000-03-26,kaggle_races,2026-05-15 08:49:13
160,160,2000,3,21,san marino grand prix,2000-04-09,kaggle_races,2026-05-15 08:49:13
161,161,2000,4,9,british grand prix,2000-04-23,kaggle_races,2026-05-15 08:49:13
162,162,2000,5,4,spanish grand prix,2000-05-07,kaggle_races,2026-05-15 08:49:13
163,163,2000,6,20,european grand prix,2000-05-21,kaggle_races,2026-05-15 08:49:13
164,164,2000,7,6,monaco grand prix,2000-06-04,kaggle_races,2026-05-15 08:49:13
165,165,2000,8,7,canadian grand prix,2000-06-18,kaggle_races,2026-05-15 08:49:13
166,166,2000,9,8,french grand prix,2000-07-02,kaggle_races,2026-05-15 08:49:13
167,167,2000,10,70,austrian grand prix,2000-07-16,kaggle_races,2026-05-15 08:49:13
168,168,2000,11,10,german grand prix,2000-07-30,kaggle_races,2026-05-15 08:49:13
169,169,2000,12,11,hungarian grand prix,2000-08-13,kaggle_races,2026-05-15 08:49:13
170,170,2000,13,13,belgian grand prix,2000-08-27,kaggle_races,2026-05-15 08:49:13
171,171,2000,14,14,italian grand prix,2000-09-10,kaggle_races,2026-05-15 08:49:13
172,172,2000,15,19,united states grand prix,2000-09-24,kaggle_races,2026-05-15 08:49:13
173,173,2000,16,22,japanese grand prix,2000-10-08,kaggle_races,2026-05-15 08:49:13
174,174,2000,17,2,malaysian grand prix,2000-10-22,kaggle_races,2026-05-15 08:49:13
175,175,1999,1,1,australian grand prix,1999-03-07,kaggle_races,2026-05-15 08:49:13
176,176,1999,2,18,brazilian grand prix,1999-04-11,kaggle_races,2026-05-15 08:49:13
177,177,1999,3,21,san marino grand prix,1999-05-02,kaggle_races,2026-05-15 08:49:13
178,178,1999,4,6,monaco grand prix,1999-05-16,kaggle_races,2026-05-15 08:49:13
179,179,1999,5,4,spanish grand prix,1999-05-30,kaggle_races,2026-05-15 08:49:13
180,180,1999,6,7,canadian grand prix,1999-06-13,kaggle_races,2026-05-15 08:49:13
181,181,1999,7,8,french grand prix,1999-06-27,kaggle_races,2026-05-15 08:49:13
182,182,1999,8,9,british grand prix,1999-07-11,kaggle_races,2026-05-15 08:49:13
183,183,1999,9,70,austrian grand prix,1999-07-25,kaggle_races,2026-05-15 08:49:13
184,184,1999,10,10,german grand prix,1999-08-01,kaggle_races,2026-05-15 08:49:13
185,185,1999,11,11,hungarian grand prix,1999-08-15,kaggle_races,2026-05-15 08:49:13
186,186,1999,12,13,belgian grand prix,1999-08-29,kaggle_races,2026-05-15 08:49:13
187,187,1999,13,14,italian grand prix,1999-09-12,kaggle_races,2026-05-15 08:49:13
188,188,1999,14,20,european grand prix,1999-09-26,kaggle_races,2026-05-15 08:49:13
189,189,1999,15,2,malaysian grand prix,1999-10-17,kaggle_races,2026-05-15 08:49:13
190,190,1999,16,22,japanese grand prix,1999-10-31,kaggle_races,2026-05-15 08:49:13
191,191,1998,1,1,australian grand prix,1998-03-08,kaggle_races,2026-05-15 08:49:13
192,192,1998,2,18,brazilian grand prix,1998-03-29,kaggle_races,2026-05-15 08:49:13
193,193,1998,3,25,argentine grand prix,1998-04-12,kaggle_races,2026-05-15 08:49:13
194,194,1998,4,21,san marino grand prix,1998-04-26,kaggle_races,2026-05-15 08:49:13
195,195,1998,5,4,spanish grand prix,1998-05-10,kaggle_races,2026-05-15 08:49:13
196,196,1998,6,6,monaco grand prix,1998-05-24,kaggle_races,2026-05-15 08:49:13
197,197,1998,7,7,canadian grand prix,1998-06-07,kaggle_races,2026-05-15 08:49:13
198,198,1998,8,8,french grand prix,1998-06-28,kaggle_races,2026-05-15 08:49:13
199,199,1998,9,9,british grand prix,1998-07-12,kaggle_races,2026-05-15 08:49:13
200,200,1998,10,70,austrian grand prix,1998-07-26,kaggle_races,2026-05-15 08:49:13
201,201,1998,11,10,german grand prix,1998-08-02,kaggle_races,2026-05-15 08:49:13
202,202,1998,12,11,hungarian grand prix,1998-08-16,kaggle_races,2026-05-15 08:49:13
203,203,1998,13,13,belgian grand prix,1998-08-30,kaggle_races,2026-05-15 08:49:13
204,204,1998,14,14,italian grand prix,1998-09-13,kaggle_races,2026-05-15 08:49:13
205,205,1998,15,20,luxembourg grand prix,1998-09-27,kaggle_races,2026-05-15 08:49:13
206,206,1998,16,22,japanese grand prix,1998-11-01,kaggle_races,2026-05-15 08:49:13
207,207,1997,1,1,australian grand prix,1997-03-09,kaggle_races,2026-05-15 08:49:13
208,208,1997,2,18,brazilian grand prix,1997-03-30,kaggle_races,2026-05-15 08:49:13
209,209,1997,3,25,argentine grand prix,1997-04-13,kaggle_races,2026-05-15 08:49:13
210,210,1997,4,21,san marino grand prix,1997-04-27,kaggle_races,2026-05-15 08:49:13
211,211,1997,5,6,monaco grand prix,1997-05-11,kaggle_races,2026-05-15 08:49:13
212,212,1997,6,4,spanish grand prix,1997-05-25,kaggle_races,2026-05-15 08:49:13
213,213,1997,7,7,canadian grand prix,1997-06-15,kaggle_races,2026-05-15 08:49:13
214,214,1997,8,8,french grand prix,1997-06-29,kaggle_races,2026-05-15 08:49:13
215,215,1997,9,9,british grand prix,1997-07-13,kaggle_races,2026-05-15 08:49:13
216,216,1997,10,10,german grand prix,1997-07-27,kaggle_races,2026-05-15 08:49:13
217,217,1997,11,11,hungarian grand prix,1997-08-10,kaggle_races,2026-05-15 08:49:13
218,218,1997,12,13,belgian grand prix,1997-08-24,kaggle_races,2026-05-15 08:49:13
219,219,1997,13,14,italian grand prix,1997-09-07,kaggle_races,2026-05-15 08:49:13
220,220,1997,14,70,austrian grand prix,1997-09-21,kaggle_races,2026-05-15 08:49:13
221,221,1997,15,20,luxembourg grand prix,1997-09-28,kaggle_races,2026-05-15 08:49:13
222,222,1997,16,22,japanese grand prix,1997-10-12,kaggle_races,2026-05-15 08:49:13
223,223,1997,17,26,european grand prix,1997-10-26,kaggle_races,2026-05-15 08:49:13
224,224,1996,1,1,australian grand prix,1996-03-10,kaggle_races,2026-05-15 08:49:13
225,225,1996,2,18,brazilian grand prix,1996-03-31,kaggle_races,2026-05-15 08:49:13
226,226,1996,3,25,argentine grand prix,1996-04-07,kaggle_races,2026-05-15 08:49:13
227,227,1996,4,20,european grand prix,1996-04-28,kaggle_races,2026-05-15 08:49:13
228,228,1996,5,21,san marino grand prix,1996-05-05,kaggle_races,2026-05-15 08:49:13
229,229,1996,6,6,monaco grand prix,1996-05-19,kaggle_races,2026-05-15 08:49:13
230,230,1996,7,4,spanish grand prix,1996-06-02,kaggle_races,2026-05-15 08:49:13
231,231,1996,8,7,canadian grand prix,1996-06-16,kaggle_races,2026-05-15 08:49:13
232,232,1996,9,8,french grand prix,1996-06-30,kaggle_races,2026-05-15 08:49:13
233,233,1996,10,9,british grand prix,1996-07-14,kaggle_races,2026-05-15 08:49:13
234,234,1996,11,10,german grand prix,1996-07-28,kaggle_races,2026-05-15 08:49:13
235,235,1996,12,11,hungarian grand prix,1996-08-11,kaggle_races,2026-05-15 08:49:13
236,236,1996,13,13,belgian grand prix,1996-08-25,kaggle_races,2026-05-15 08:49:13
237,237,1996,14,14,italian grand prix,1996-09-08,kaggle_races,2026-05-15 08:49:13
238,238,1996,15,27,portuguese grand prix,1996-09-22,kaggle_races,2026-05-15 08:49:13
239,239,1996,16,22,japanese grand prix,1996-10-13,kaggle_races,2026-05-15 08:49:13
240,240,1995,1,18,brazilian grand prix,1995-03-26,kaggle_races,2026-05-15 08:49:13
241,241,1995,2,25,argentine grand prix,1995-04-09,kaggle_races,2026-05-15 08:49:13
242,242,1995,3,21,san marino grand prix,1995-04-30,kaggle_races,2026-05-15 08:49:13
243,243,1995,4,4,spanish grand prix,1995-05-14,kaggle_races,2026-05-15 08:49:13
244,244,1995,5,6,monaco grand prix,1995-05-28,kaggle_races,2026-05-15 08:49:13
245,245,1995,6,7,canadian grand prix,1995-06-11,kaggle_races,2026-05-15 08:49:13
246,246,1995,7,8,french grand prix,1995-07-02,kaggle_races,2026-05-15 08:49:13
247,247,1995,8,9,british grand prix,1995-07-16,kaggle_races,2026-05-15 08:49:13
248,248,1995,9,10,german grand prix,1995-07-30,kaggle_races,2026-05-15 08:49:13
249,249,1995,10,11,hungarian grand prix,1995-08-13,kaggle_races,2026-05-15 08:49:13
250,250,1995,11,13,belgian grand prix,1995-08-27,kaggle_races,2026-05-15 08:49:13
251,251,1995,12,14,italian grand prix,1995-09-10,kaggle_races,2026-05-15 08:49:13
252,252,1995,13,27,portuguese grand prix,1995-09-24,kaggle_races,2026-05-15 08:49:13
253,253,1995,14,20,european grand prix,1995-10-01,kaggle_races,2026-05-15 08:49:13
254,254,1995,15,28,pacific grand prix,1995-10-22,kaggle_races,2026-05-15 08:49:13
255,255,1995,16,22,japanese grand prix,1995-10-29,kaggle_races,2026-05-15 08:49:13
256,256,1995,17,29,australian grand prix,1995-11-12,kaggle_races,2026-05-15 08:49:13
257,257,1994,1,18,brazilian grand prix,1994-03-27,kaggle_races,2026-05-15 08:49:13
258,258,1994,2,28,pacific grand prix,1994-04-17,kaggle_races,2026-05-15 08:49:13
259,259,1994,3,21,san marino grand prix,1994-05-01,kaggle_races,2026-05-15 08:49:13
260,260,1994,4,6,monaco grand prix,1994-05-15,kaggle_races,2026-05-15 08:49:13
261,261,1994,5,4,spanish grand prix,1994-05-29,kaggle_races,2026-05-15 08:49:13
262,262,1994,6,7,canadian grand prix,1994-06-12,kaggle_races,2026-05-15 08:49:13
263,263,1994,7,8,french grand prix,1994-07-03,kaggle_races,2026-05-15 08:49:13
264,264,1994,8,9,british grand prix,1994-07-10,kaggle_races,2026-05-15 08:49:13
265,265,1994,9,10,german grand prix,1994-07-31,kaggle_races,2026-05-15 08:49:13
266,266,1994,10,11,hungarian grand prix,1994-08-14,kaggle_races,2026-05-15 08:49:13
267,267,1994,11,13,belgian grand prix,1994-08-28,kaggle_races,2026-05-15 08:49:13
268,268,1994,12,14,italian grand prix,1994-09-11,kaggle_races,2026-05-15 08:49:13
269,269,1994,13,27,portuguese grand prix,1994-09-25,kaggle_races,2026-05-15 08:49:13
270,270,1994,14,26,european grand prix,1994-10-16,kaggle_races,2026-05-15 08:49:13
271,271,1994,15,22,japanese grand prix,1994-11-06,kaggle_races,2026-05-15 08:49:13
272,272,1994,16,29,australian grand prix,1994-11-13,kaggle_races,2026-05-15 08:49:13
273,273,1993,1,30,south african grand prix,1993-03-14,kaggle_races,2026-05-15 08:49:13
274,274,1993,2,18,brazilian grand prix,1993-03-28,kaggle_races,2026-05-15 08:49:13
275,275,1993,3,31,european grand prix,1993-04-11,kaggle_races,2026-05-15 08:49:13
276,276,1993,4,21,san marino grand prix,1993-04-25,kaggle_races,2026-05-15 08:49:13
277,277,1993,5,4,spanish grand prix,1993-05-09,kaggle_races,2026-05-15 08:49:13
278,278,1993,6,6,monaco grand prix,1993-05-23,kaggle_races,2026-05-15 08:49:13
279,279,1993,7,7,canadian grand prix,1993-06-13,kaggle_races,2026-05-15 08:49:13
280,280,1993,8,8,french grand prix,1993-07-04,kaggle_races,2026-05-15 08:49:13
281,281,1993,9,9,british grand prix,1993-07-11,kaggle_races,2026-05-15 08:49:13
282,282,1993,10,10,german grand prix,1993-07-25,kaggle_races,2026-05-15 08:49:13
283,283,1993,11,11,hungarian grand prix,1993-08-15,kaggle_races,2026-05-15 08:49:13
284,284,1993,12,13,belgian grand prix,1993-08-29,kaggle_races,2026-05-15 08:49:13
285,285,1993,13,14,italian grand prix,1993-09-12,kaggle_races,2026-05-15 08:49:13
286,286,1993,14,27,portuguese grand prix,1993-09-26,kaggle_races,2026-05-15 08:49:13
287,287,1993,15,22,japanese grand prix,1993-10-24,kaggle_races,2026-05-15 08:49:13
288,288,1993,16,29,australian grand prix,1993-11-07,kaggle_races,2026-05-15 08:49:13
289,289,1992,1,30,south african grand prix,1992-03-01,kaggle_races,2026-05-15 08:49:13
290,290,1992,2,32,mexican grand prix,1992-03-22,kaggle_races,2026-05-15 08:49:13
291,291,1992,3,18,brazilian grand prix,1992-04-05,kaggle_races,2026-05-15 08:49:13
292,292,1992,4,4,spanish grand prix,1992-05-03,kaggle_races,2026-05-15 08:49:13
293,293,1992,5,21,san marino grand prix,1992-05-17,kaggle_races,2026-05-15 08:49:13
294,294,1992,6,6,monaco grand prix,1992-05-31,kaggle_races,2026-05-15 08:49:13
295,295,1992,7,7,canadian grand prix,1992-06-14,kaggle_races,2026-05-15 08:49:13
296,296,1992,8,8,french grand prix,1992-07-05,kaggle_races,2026-05-15 08:49:13
297,297,1992,9,9,british grand prix,1992-07-12,kaggle_races,2026-05-15 08:49:13
298,298,1992,10,10,german grand prix,1992-07-26,kaggle_races,2026-05-15 08:49:13
299,299,1992,11,11,hungarian grand prix,1992-08-16,kaggle_races,2026-05-15 08:49:13
300,300,1992,12,13,belgian grand prix,1992-08-30,kaggle_races,2026-05-15 08:49:13
301,301,1992,13,14,italian grand prix,1992-09-13,kaggle_races,2026-05-15 08:49:13
302,302,1992,14,27,portuguese grand prix,1992-09-27,kaggle_races,2026-05-15 08:49:13
303,303,1992,15,22,japanese grand prix,1992-10-25,kaggle_races,2026-05-15 08:49:13
304,304,1992,16,29,australian grand prix,1992-11-08,kaggle_races,2026-05-15 08:49:13
305,305,1991,1,33,united states grand prix,1991-03-10,kaggle_races,2026-05-15 08:49:13
306,306,1991,2,18,brazilian grand prix,1991-03-24,kaggle_races,2026-05-15 08:49:13
307,307,1991,3,21,san marino grand prix,1991-04-28,kaggle_races,2026-05-15 08:49:13
308,308,1991,4,6,monaco grand prix,1991-05-12,kaggle_races,2026-05-15 08:49:13
309,309,1991,5,7,canadian grand prix,1991-06-02,kaggle_races,2026-05-15 08:49:13
310,310,1991,6,32,mexican grand prix,1991-06-16,kaggle_races,2026-05-15 08:49:13
311,311,1991,7,8,french grand prix,1991-07-07,kaggle_races,2026-05-15 08:49:13
312,312,1991,8,9,british grand prix,1991-07-14,kaggle_races,2026-05-15 08:49:13
313,313,1991,9,10,german grand prix,1991-07-28,kaggle_races,2026-05-15 08:49:13
314,314,1991,10,11,hungarian grand prix,1991-08-11,kaggle_races,2026-05-15 08:49:13
315,315,1991,11,13,belgian grand prix,1991-08-25,kaggle_races,2026-05-15 08:49:13
316,316,1991,12,14,italian grand prix,1991-09-08,kaggle_races,2026-05-15 08:49:13
317,317,1991,13,27,portuguese grand prix,1991-09-22,kaggle_races,2026-05-15 08:49:13
318,318,1991,14,4,spanish grand prix,1991-09-29,kaggle_races,2026-05-15 08:49:13
319,319,1991,15,22,japanese grand prix,1991-10-20,kaggle_races,2026-05-15 08:49:13
320,320,1991,16,29,australian grand prix,1991-11-03,kaggle_races,2026-05-15 08:49:13
321,321,1990,1,33,united states grand prix,1990-03-11,kaggle_races,2026-05-15 08:49:13
322,322,1990,2,18,brazilian grand prix,1990-03-25,kaggle_races,2026-05-15 08:49:13
323,323,1990,3,21,san marino grand prix,1990-05-13,kaggle_races,2026-05-15 08:49:13
324,324,1990,4,6,monaco grand prix,1990-05-27,kaggle_races,2026-05-15 08:49:13
325,325,1990,5,7,canadian grand prix,1990-06-10,kaggle_races,2026-05-15 08:49:13
326,326,1990,6,32,mexican grand prix,1990-06-24,kaggle_races,2026-05-15 08:49:13
327,327,1990,7,34,french grand prix,1990-07-08,kaggle_races,2026-05-15 08:49:13
328,328,1990,8,9,british grand prix,1990-07-15,kaggle_races,2026-05-15 08:49:13
329,329,1990,9,10,german grand prix,1990-07-29,kaggle_races,2026-05-15 08:49:13
330,330,1990,10,11,hungarian grand prix,1990-08-12,kaggle_races,2026-05-15 08:49:13
331,331,1990,11,13,belgian grand prix,1990-08-26,kaggle_races,2026-05-15 08:49:13
332,332,1990,12,14,italian grand prix,1990-09-09,kaggle_races,2026-05-15 08:49:13
333,333,1990,13,27,portuguese grand prix,1990-09-23,kaggle_races,2026-05-15 08:49:13
334,334,1990,14,26,spanish grand prix,1990-09-30,kaggle_races,2026-05-15 08:49:13
335,335,1990,15,22,japanese grand prix,1990-10-21,kaggle_races,2026-05-15 08:49:13
336,336,1990,16,29,australian grand prix,1990-11-04,kaggle_races,2026-05-15 08:49:13
337,337,2010,1,3,bahrain grand prix,2010-03-14,kaggle_races,2026-05-15 08:49:13
338,338,2010,2,1,australian grand prix,2010-03-28,kaggle_races,2026-05-15 08:49:13
339,339,2010,3,2,malaysian grand prix,2010-04-04,kaggle_races,2026-05-15 08:49:13
340,340,2010,4,17,chinese grand prix,2010-04-18,kaggle_races,2026-05-15 08:49:13
341,341,2010,5,4,spanish grand prix,2010-05-09,kaggle_races,2026-05-15 08:49:13
342,342,2010,6,6,monaco grand prix,2010-05-16,kaggle_races,2026-05-15 08:49:13
343,343,2010,7,5,turkish grand prix,2010-05-30,kaggle_races,2026-05-15 08:49:13
344,344,2010,8,7,canadian grand prix,2010-06-13,kaggle_races,2026-05-15 08:49:13
345,345,2010,9,12,european grand prix,2010-06-27,kaggle_races,2026-05-15 08:49:13
346,346,2010,10,9,british grand prix,2010-07-11,kaggle_races,2026-05-15 08:49:13
347,347,2010,11,10,german grand prix,2010-07-25,kaggle_races,2026-05-15 08:49:13
348,348,2010,12,11,hungarian grand prix,2010-08-01,kaggle_races,2026-05-15 08:49:13
349,349,2010,13,13,belgian grand prix,2010-08-29,kaggle_races,2026-05-15 08:49:13
350,350,2010,14,14,italian grand prix,2010-09-12,kaggle_races,2026-05-15 08:49:13
351,351,2010,15,15,singapore grand prix,2010-09-26,kaggle_races,2026-05-15 08:49:13
352,352,2010,16,22,japanese grand prix,2010-10-10,kaggle_races,2026-05-15 08:49:13
353,353,2010,17,35,korean grand prix,2010-10-24,kaggle_races,2026-05-15 08:49:13
354,354,2010,18,18,brazilian grand prix,2010-11-07,kaggle_races,2026-05-15 08:49:13
355,355,2010,19,24,abu dhabi grand prix,2010-11-14,kaggle_races,2026-05-15 08:49:13
356,356,1989,1,36,brazilian grand prix,1989-03-26,kaggle_races,2026-05-15 08:49:13
357,357,1989,2,21,san marino grand prix,1989-04-23,kaggle_races,2026-05-15 08:49:13
358,358,1989,3,6,monaco grand prix,1989-05-07,kaggle_races,2026-05-15 08:49:13
359,359,1989,4,32,mexican grand prix,1989-05-28,kaggle_races,2026-05-15 08:49:13
360,360,1989,5,33,united states grand prix,1989-06-04,kaggle_races,2026-05-15 08:49:13
361,361,1989,6,7,canadian grand prix,1989-06-18,kaggle_races,2026-05-15 08:49:13
362,362,1989,7,34,french grand prix,1989-07-09,kaggle_races,2026-05-15 08:49:13
363,363,1989,8,9,british grand prix,1989-07-16,kaggle_races,2026-05-15 08:49:13
364,364,1989,9,10,german grand prix,1989-07-30,kaggle_races,2026-05-15 08:49:13
365,365,1989,10,11,hungarian grand prix,1989-08-13,kaggle_races,2026-05-15 08:49:13
366,366,1989,11,13,belgian grand prix,1989-08-27,kaggle_races,2026-05-15 08:49:13
367,367,1989,12,14,italian grand prix,1989-09-10,kaggle_races,2026-05-15 08:49:13
368,368,1989,13,27,portuguese grand prix,1989-09-24,kaggle_races,2026-05-15 08:49:13
369,369,1989,14,26,spanish grand prix,1989-10-01,kaggle_races,2026-05-15 08:49:13
370,370,1989,15,22,japanese grand prix,1989-10-22,kaggle_races,2026-05-15 08:49:13
371,371,1989,16,29,australian grand prix,1989-11-05,kaggle_races,2026-05-15 08:49:13
372,372,1988,1,36,brazilian grand prix,1988-04-03,kaggle_races,2026-05-15 08:49:13
373,373,1988,2,21,san marino grand prix,1988-05-01,kaggle_races,2026-05-15 08:49:13
374,374,1988,3,6,monaco grand prix,1988-05-15,kaggle_races,2026-05-15 08:49:13
375,375,1988,4,32,mexican grand prix,1988-05-29,kaggle_races,2026-05-15 08:49:13
376,376,1988,5,7,canadian grand prix,1988-06-12,kaggle_races,2026-05-15 08:49:13
377,377,1988,6,37,detroit grand prix,1988-06-19,kaggle_races,2026-05-15 08:49:13
378,378,1988,7,34,french grand prix,1988-07-03,kaggle_races,2026-05-15 08:49:13
379,379,1988,8,9,british grand prix,1988-07-10,kaggle_races,2026-05-15 08:49:13
380,380,1988,9,10,german grand prix,1988-07-24,kaggle_races,2026-05-15 08:49:13
381,381,1988,10,11,hungarian grand prix,1988-08-07,kaggle_races,2026-05-15 08:49:13
382,382,1988,11,13,belgian grand prix,1988-08-28,kaggle_races,2026-05-15 08:49:13
383,383,1988,12,14,italian grand prix,1988-09-11,kaggle_races,2026-05-15 08:49:13
384,384,1988,13,27,portuguese grand prix,1988-09-25,kaggle_races,2026-05-15 08:49:13
385,385,1988,14,26,spanish grand prix,1988-10-02,kaggle_races,2026-05-15 08:49:13
386,386,1988,15,22,japanese grand prix,1988-10-30,kaggle_races,2026-05-15 08:49:13
387,387,1988,16,29,australian grand prix,1988-11-13,kaggle_races,2026-05-15 08:49:13
388,388,1987,1,36,brazilian grand prix,1987-04-12,kaggle_races,2026-05-15 08:49:13
389,389,1987,2,21,san marino grand prix,1987-05-03,kaggle_races,2026-05-15 08:49:13
390,390,1987,3,13,belgian grand prix,1987-05-17,kaggle_races,2026-05-15 08:49:13
391,391,1987,4,6,monaco grand prix,1987-05-31,kaggle_races,2026-05-15 08:49:13
392,392,1987,5,37,detroit grand prix,1987-06-21,kaggle_races,2026-05-15 08:49:13
393,393,1987,6,34,french grand prix,1987-07-05,kaggle_races,2026-05-15 08:49:13
394,394,1987,7,9,british grand prix,1987-07-12,kaggle_races,2026-05-15 08:49:13
395,395,1987,8,10,german grand prix,1987-07-26,kaggle_races,2026-05-15 08:49:13
396,396,1987,9,11,hungarian grand prix,1987-08-09,kaggle_races,2026-05-15 08:49:13
397,397,1987,10,70,austrian grand prix,1987-08-16,kaggle_races,2026-05-15 08:49:13
398,398,1987,11,14,italian grand prix,1987-09-06,kaggle_races,2026-05-15 08:49:13
399,399,1987,12,27,portuguese grand prix,1987-09-20,kaggle_races,2026-05-15 08:49:13
400,400,1987,13,26,spanish grand prix,1987-09-27,kaggle_races,2026-05-15 08:49:13
401,401,1987,14,32,mexican grand prix,1987-10-18,kaggle_races,2026-05-15 08:49:13
402,402,1987,15,22,japanese grand prix,1987-11-01,kaggle_races,2026-05-15 08:49:13
403,403,1987,16,29,australian grand prix,1987-11-15,kaggle_races,2026-05-15 08:49:13
404,404,1986,1,36,brazilian grand prix,1986-03-23,kaggle_races,2026-05-15 08:49:13
405,405,1986,2,26,spanish grand prix,1986-04-13,kaggle_races,2026-05-15 08:49:13
406,406,1986,3,21,san marino grand prix,1986-04-27,kaggle_races,2026-05-15 08:49:13
407,407,1986,4,6,monaco grand prix,1986-05-11,kaggle_races,2026-05-15 08:49:13
408,408,1986,5,13,belgian grand prix,1986-05-25,kaggle_races,2026-05-15 08:49:13
409,409,1986,6,7,canadian grand prix,1986-06-15,kaggle_races,2026-05-15 08:49:13
410,410,1986,7,37,detroit grand prix,1986-06-22,kaggle_races,2026-05-15 08:49:13
411,411,1986,8,34,french grand prix,1986-07-06,kaggle_races,2026-05-15 08:49:13
412,412,1986,9,38,british grand prix,1986-07-13,kaggle_races,2026-05-15 08:49:13
413,413,1986,10,10,german grand prix,1986-07-27,kaggle_races,2026-05-15 08:49:13
414,414,1986,11,11,hungarian grand prix,1986-08-10,kaggle_races,2026-05-15 08:49:13
415,415,1986,12,70,austrian grand prix,1986-08-17,kaggle_races,2026-05-15 08:49:13
416,416,1986,13,14,italian grand prix,1986-09-07,kaggle_races,2026-05-15 08:49:13
417,417,1986,14,27,portuguese grand prix,1986-09-21,kaggle_races,2026-05-15 08:49:13
418,418,1986,15,32,mexican grand prix,1986-10-12,kaggle_races,2026-05-15 08:49:13
419,419,1986,16,29,australian grand prix,1986-10-26,kaggle_races,2026-05-15 08:49:13
420,420,1985,1,36,brazilian grand prix,1985-04-07,kaggle_races,2026-05-15 08:49:13
421,421,1985,2,27,portuguese grand prix,1985-04-21,kaggle_races,2026-05-15 08:49:13
422,422,1985,3,21,san marino grand prix,1985-05-05,kaggle_races,2026-05-15 08:49:13
423,423,1985,4,6,monaco grand prix,1985-05-19,kaggle_races,2026-05-15 08:49:13
424,424,1985,5,7,canadian grand prix,1985-06-16,kaggle_races,2026-05-15 08:49:13
425,425,1985,6,37,detroit grand prix,1985-06-23,kaggle_races,2026-05-15 08:49:13
426,426,1985,7,34,french grand prix,1985-07-07,kaggle_races,2026-05-15 08:49:13
427,427,1985,8,9,british grand prix,1985-07-21,kaggle_races,2026-05-15 08:49:13
428,428,1985,9,20,german grand prix,1985-08-04,kaggle_races,2026-05-15 08:49:13
429,429,1985,10,70,austrian grand prix,1985-08-18,kaggle_races,2026-05-15 08:49:13
430,430,1985,11,39,dutch grand prix,1985-08-25,kaggle_races,2026-05-15 08:49:13
431,431,1985,12,14,italian grand prix,1985-09-08,kaggle_races,2026-05-15 08:49:13
432,432,1985,13,13,belgian grand prix,1985-09-15,kaggle_races,2026-05-15 08:49:13
433,433,1985,14,38,european grand prix,1985-10-06,kaggle_races,2026-05-15 08:49:13
434,434,1985,15,30,south african grand prix,1985-10-19,kaggle_races,2026-05-15 08:49:13
435,435,1985,16,29,australian grand prix,1985-11-03,kaggle_races,2026-05-15 08:49:13
436,436,1984,1,36,brazilian grand prix,1984-03-25,kaggle_races,2026-05-15 08:49:13
437,437,1984,2,30,south african grand prix,1984-04-07,kaggle_races,2026-05-15 08:49:13
438,438,1984,3,40,belgian grand prix,1984-04-29,kaggle_races,2026-05-15 08:49:13
439,439,1984,4,21,san marino grand prix,1984-05-06,kaggle_races,2026-05-15 08:49:13
440,440,1984,5,41,french grand prix,1984-05-20,kaggle_races,2026-05-15 08:49:13
441,441,1984,6,6,monaco grand prix,1984-06-03,kaggle_races,2026-05-15 08:49:13
442,442,1984,7,7,canadian grand prix,1984-06-17,kaggle_races,2026-05-15 08:49:13
443,443,1984,8,37,detroit grand prix,1984-06-24,kaggle_races,2026-05-15 08:49:13
444,444,1984,9,42,dallas grand prix,1984-07-08,kaggle_races,2026-05-15 08:49:13
445,445,1984,10,38,british grand prix,1984-07-22,kaggle_races,2026-05-15 08:49:13
446,446,1984,11,10,german grand prix,1984-08-05,kaggle_races,2026-05-15 08:49:13
447,447,1984,12,70,austrian grand prix,1984-08-19,kaggle_races,2026-05-15 08:49:13
448,448,1984,13,39,dutch grand prix,1984-08-26,kaggle_races,2026-05-15 08:49:13
449,449,1984,14,14,italian grand prix,1984-09-09,kaggle_races,2026-05-15 08:49:13
450,450,1984,15,20,european grand prix,1984-10-07,kaggle_races,2026-05-15 08:49:13
451,451,1984,16,27,portuguese grand prix,1984-10-21,kaggle_races,2026-05-15 08:49:13
452,452,1983,1,36,brazilian grand prix,1983-03-13,kaggle_races,2026-05-15 08:49:13
453,453,1983,2,43,united states grand prix west,1983-03-27,kaggle_races,2026-05-15 08:49:13
454,454,1983,3,34,french grand prix,1983-04-17,kaggle_races,2026-05-15 08:49:13
455,455,1983,4,21,san marino grand prix,1983-05-01,kaggle_races,2026-05-15 08:49:13
456,456,1983,5,6,monaco grand prix,1983-05-15,kaggle_races,2026-05-15 08:49:13
457,457,1983,6,13,belgian grand prix,1983-05-22,kaggle_races,2026-05-15 08:49:13
458,458,1983,7,37,detroit grand prix,1983-06-05,kaggle_races,2026-05-15 08:49:13
459,459,1983,8,7,canadian grand prix,1983-06-12,kaggle_races,2026-05-15 08:49:13
460,460,1983,9,9,british grand prix,1983-07-16,kaggle_races,2026-05-15 08:49:13
461,461,1983,10,10,german grand prix,1983-08-07,kaggle_races,2026-05-15 08:49:13
462,462,1983,11,70,austrian grand prix,1983-08-14,kaggle_races,2026-05-15 08:49:13
463,463,1983,12,39,dutch grand prix,1983-08-28,kaggle_races,2026-05-15 08:49:13
464,464,1983,13,14,italian grand prix,1983-09-11,kaggle_races,2026-05-15 08:49:13
465,465,1983,14,38,european grand prix,1983-09-25,kaggle_races,2026-05-15 08:49:13
466,466,1983,15,30,south african grand prix,1983-10-15,kaggle_races,2026-05-15 08:49:13
467,467,1982,1,30,south african grand prix,1982-01-23,kaggle_races,2026-05-15 08:49:13
468,468,1982,2,36,brazilian grand prix,1982-03-21,kaggle_races,2026-05-15 08:49:13
469,469,1982,3,43,united states grand prix west,1982-04-04,kaggle_races,2026-05-15 08:49:13
470,470,1982,4,21,san marino grand prix,1982-04-25,kaggle_races,2026-05-15 08:49:13
471,471,1982,5,40,belgian grand prix,1982-05-09,kaggle_races,2026-05-15 08:49:13
472,472,1982,6,6,monaco grand prix,1982-05-23,kaggle_races,2026-05-15 08:49:13
473,473,1982,7,37,detroit grand prix,1982-06-06,kaggle_races,2026-05-15 08:49:13
474,474,1982,8,7,canadian grand prix,1982-06-13,kaggle_races,2026-05-15 08:49:13
475,475,1982,9,39,dutch grand prix,1982-07-03,kaggle_races,2026-05-15 08:49:13
476,476,1982,10,38,british grand prix,1982-07-18,kaggle_races,2026-05-15 08:49:13
477,477,1982,11,34,french grand prix,1982-07-25,kaggle_races,2026-05-15 08:49:13
478,478,1982,12,10,german grand prix,1982-08-08,kaggle_races,2026-05-15 08:49:13
479,479,1982,13,70,austrian grand prix,1982-08-15,kaggle_races,2026-05-15 08:49:13
480,480,1982,14,41,swiss grand prix,1982-08-29,kaggle_races,2026-05-15 08:49:13
481,481,1982,15,14,italian grand prix,1982-09-12,kaggle_races,2026-05-15 08:49:13
482,482,1982,16,44,caesars palace grand prix,1982-09-25,kaggle_races,2026-05-15 08:49:13
483,483,1981,1,43,united states grand prix west,1981-03-15,kaggle_races,2026-05-15 08:49:13
484,484,1981,2,36,brazilian grand prix,1981-03-29,kaggle_races,2026-05-15 08:49:13
485,485,1981,3,25,argentine grand prix,1981-04-12,kaggle_races,2026-05-15 08:49:13
486,486,1981,4,21,san marino grand prix,1981-05-03,kaggle_races,2026-05-15 08:49:13
487,487,1981,5,40,belgian grand prix,1981-05-17,kaggle_races,2026-05-15 08:49:13
488,488,1981,6,6,monaco grand prix,1981-05-31,kaggle_races,2026-05-15 08:49:13
489,489,1981,7,45,spanish grand prix,1981-06-21,kaggle_races,2026-05-15 08:49:13
490,490,1981,8,41,french grand prix,1981-07-05,kaggle_races,2026-05-15 08:49:13
491,491,1981,9,9,british grand prix,1981-07-18,kaggle_races,2026-05-15 08:49:13
492,492,1981,10,10,german grand prix,1981-08-02,kaggle_races,2026-05-15 08:49:13
493,493,1981,11,70,austrian grand prix,1981-08-16,kaggle_races,2026-05-15 08:49:13
494,494,1981,12,39,dutch grand prix,1981-08-30,kaggle_races,2026-05-15 08:49:13
495,495,1981,13,14,italian grand prix,1981-09-13,kaggle_races,2026-05-15 08:49:13
496,496,1981,14,7,canadian grand prix,1981-09-27,kaggle_races,2026-05-15 08:49:13
497,497,1981,15,44,caesars palace grand prix,1981-10-17,kaggle_races,2026-05-15 08:49:13
498,498,1980,1,25,argentine grand prix,1980-01-13,kaggle_races,2026-05-15 08:49:13
499,499,1980,2,18,brazilian grand prix,1980-01-27,kaggle_races,2026-05-15 08:49:13
500,500,1980,3,30,south african grand prix,1980-03-01,kaggle_races,2026-05-15 08:49:13
501,501,1980,4,43,united states grand prix west,1980-03-30,kaggle_races,2026-05-15 08:49:13
502,502,1980,5,40,belgian grand prix,1980-05-04,kaggle_races,2026-05-15 08:49:13
503,503,1980,6,6,monaco grand prix,1980-05-18,kaggle_races,2026-05-15 08:49:13
504,504,1980,7,34,french grand prix,1980-06-29,kaggle_races,2026-05-15 08:49:13
505,505,1980,8,38,british grand prix,1980-07-13,kaggle_races,2026-05-15 08:49:13
506,506,1980,9,10,german grand prix,1980-08-10,kaggle_races,2026-05-15 08:49:13
507,507,1980,10,70,austrian grand prix,1980-08-17,kaggle_races,2026-05-15 08:49:13
508,508,1980,11,39,dutch grand prix,1980-08-31,kaggle_races,2026-05-15 08:49:13
509,509,1980,12,21,italian grand prix,1980-09-14,kaggle_races,2026-05-15 08:49:13
510,510,1980,13,7,canadian grand prix,1980-09-28,kaggle_races,2026-05-15 08:49:13
511,511,1980,14,46,united states grand prix,1980-10-05,kaggle_races,2026-05-15 08:49:13
512,512,1979,1,25,argentine grand prix,1979-01-21,kaggle_races,2026-05-15 08:49:13
513,513,1979,2,18,brazilian grand prix,1979-02-04,kaggle_races,2026-05-15 08:49:13
514,514,1979,3,30,south african grand prix,1979-03-03,kaggle_races,2026-05-15 08:49:13
515,515,1979,4,43,united states grand prix west,1979-04-08,kaggle_races,2026-05-15 08:49:13
516,516,1979,5,45,spanish grand prix,1979-04-29,kaggle_races,2026-05-15 08:49:13
517,517,1979,6,40,belgian grand prix,1979-05-13,kaggle_races,2026-05-15 08:49:13
518,518,1979,7,6,monaco grand prix,1979-05-27,kaggle_races,2026-05-15 08:49:13
519,519,1979,8,41,french grand prix,1979-07-01,kaggle_races,2026-05-15 08:49:13
520,520,1979,9,9,british grand prix,1979-07-14,kaggle_races,2026-05-15 08:49:13
521,521,1979,10,10,german grand prix,1979-07-29,kaggle_races,2026-05-15 08:49:13
522,522,1979,11,70,austrian grand prix,1979-08-12,kaggle_races,2026-05-15 08:49:13
523,523,1979,12,39,dutch grand prix,1979-08-26,kaggle_races,2026-05-15 08:49:13
524,524,1979,13,14,italian grand prix,1979-09-09,kaggle_races,2026-05-15 08:49:13
525,525,1979,14,7,canadian grand prix,1979-09-30,kaggle_races,2026-05-15 08:49:13
526,526,1979,15,46,united states grand prix,1979-10-07,kaggle_races,2026-05-15 08:49:13
527,527,1978,1,25,argentine grand prix,1978-01-15,kaggle_races,2026-05-15 08:49:13
528,528,1978,2,36,brazilian grand prix,1978-01-29,kaggle_races,2026-05-15 08:49:13
529,529,1978,3,30,south african grand prix,1978-03-04,kaggle_races,2026-05-15 08:49:13
530,530,1978,4,43,united states grand prix west,1978-04-02,kaggle_races,2026-05-15 08:49:13
531,531,1978,5,6,monaco grand prix,1978-05-07,kaggle_races,2026-05-15 08:49:13
532,532,1978,6,40,belgian grand prix,1978-05-21,kaggle_races,2026-05-15 08:49:13
533,533,1978,7,45,spanish grand prix,1978-06-04,kaggle_races,2026-05-15 08:49:13
534,534,1978,8,47,swedish grand prix,1978-06-17,kaggle_races,2026-05-15 08:49:13
535,535,1978,9,34,french grand prix,1978-07-02,kaggle_races,2026-05-15 08:49:13
536,536,1978,10,38,british grand prix,1978-07-16,kaggle_races,2026-05-15 08:49:13
537,537,1978,11,10,german grand prix,1978-07-30,kaggle_races,2026-05-15 08:49:13
538,538,1978,12,70,austrian grand prix,1978-08-13,kaggle_races,2026-05-15 08:49:13
539,539,1978,13,39,dutch grand prix,1978-08-27,kaggle_races,2026-05-15 08:49:13
540,540,1978,14,14,italian grand prix,1978-09-10,kaggle_races,2026-05-15 08:49:13
541,541,1978,15,46,united states grand prix,1978-10-01,kaggle_races,2026-05-15 08:49:13
542,542,1978,16,7,canadian grand prix,1978-10-08,kaggle_races,2026-05-15 08:49:13
543,543,1977,1,25,argentine grand prix,1977-01-09,kaggle_races,2026-05-15 08:49:13
544,544,1977,2,18,brazilian grand prix,1977-01-23,kaggle_races,2026-05-15 08:49:13
545,545,1977,3,30,south african grand prix,1977-03-05,kaggle_races,2026-05-15 08:49:13
546,546,1977,4,43,united states grand prix west,1977-04-03,kaggle_races,2026-05-15 08:49:13
547,547,1977,5,45,spanish grand prix,1977-05-08,kaggle_races,2026-05-15 08:49:13
548,548,1977,6,6,monaco grand prix,1977-05-22,kaggle_races,2026-05-15 08:49:13
549,549,1977,7,40,belgian grand prix,1977-06-05,kaggle_races,2026-05-15 08:49:13
550,550,1977,8,47,swedish grand prix,1977-06-19,kaggle_races,2026-05-15 08:49:13
551,551,1977,9,41,french grand prix,1977-07-03,kaggle_races,2026-05-15 08:49:13
552,552,1977,10,9,british grand prix,1977-07-16,kaggle_races,2026-05-15 08:49:13
553,553,1977,11,10,german grand prix,1977-07-31,kaggle_races,2026-05-15 08:49:13
554,554,1977,12,70,austrian grand prix,1977-08-14,kaggle_races,2026-05-15 08:49:13
555,555,1977,13,39,dutch grand prix,1977-08-28,kaggle_races,2026-05-15 08:49:13
556,556,1977,14,14,italian grand prix,1977-09-11,kaggle_races,2026-05-15 08:49:13
557,557,1977,15,46,united states grand prix,1977-10-02,kaggle_races,2026-05-15 08:49:13
558,558,1977,16,48,canadian grand prix,1977-10-09,kaggle_races,2026-05-15 08:49:13
559,559,1977,17,16,japanese grand prix,1977-10-23,kaggle_races,2026-05-15 08:49:13
560,560,1976,1,18,brazilian grand prix,1976-01-25,kaggle_races,2026-05-15 08:49:13
561,561,1976,2,30,south african grand prix,1976-03-06,kaggle_races,2026-05-15 08:49:13
562,562,1976,3,43,united states grand prix west,1976-03-28,kaggle_races,2026-05-15 08:49:13
563,563,1976,4,45,spanish grand prix,1976-05-02,kaggle_races,2026-05-15 08:49:13
564,564,1976,5,40,belgian grand prix,1976-05-16,kaggle_races,2026-05-15 08:49:13
565,565,1976,6,6,monaco grand prix,1976-05-30,kaggle_races,2026-05-15 08:49:13
566,566,1976,7,47,swedish grand prix,1976-06-13,kaggle_races,2026-05-15 08:49:13
567,567,1976,8,34,french grand prix,1976-07-04,kaggle_races,2026-05-15 08:49:13
568,568,1976,9,38,british grand prix,1976-07-18,kaggle_races,2026-05-15 08:49:13
569,569,1976,10,20,german grand prix,1976-08-01,kaggle_races,2026-05-15 08:49:13
570,570,1976,11,70,austrian grand prix,1976-08-15,kaggle_races,2026-05-15 08:49:13
571,571,1976,12,39,dutch grand prix,1976-08-29,kaggle_races,2026-05-15 08:49:13
572,572,1976,13,14,italian grand prix,1976-09-12,kaggle_races,2026-05-15 08:49:13
573,573,1976,14,48,canadian grand prix,1976-10-03,kaggle_races,2026-05-15 08:49:13
574,574,1976,15,46,united states grand prix,1976-10-10,kaggle_races,2026-05-15 08:49:13
575,575,1976,16,16,japanese grand prix,1976-10-24,kaggle_races,2026-05-15 08:49:13
576,576,1975,1,25,argentine grand prix,1975-01-12,kaggle_races,2026-05-15 08:49:13
577,577,1975,2,18,brazilian grand prix,1975-01-26,kaggle_races,2026-05-15 08:49:13
578,578,1975,3,30,south african grand prix,1975-03-01,kaggle_races,2026-05-15 08:49:13
579,579,1975,4,49,spanish grand prix,1975-04-27,kaggle_races,2026-05-15 08:49:13
580,580,1975,5,6,monaco grand prix,1975-05-11,kaggle_races,2026-05-15 08:49:13
581,581,1975,6,40,belgian grand prix,1975-05-25,kaggle_races,2026-05-15 08:49:13
582,582,1975,7,47,swedish grand prix,1975-06-08,kaggle_races,2026-05-15 08:49:13
583,583,1975,8,39,dutch grand prix,1975-06-22,kaggle_races,2026-05-15 08:49:13
584,584,1975,9,34,french grand prix,1975-07-06,kaggle_races,2026-05-15 08:49:13
585,585,1975,10,9,british grand prix,1975-07-19,kaggle_races,2026-05-15 08:49:13
586,586,1975,11,20,german grand prix,1975-08-03,kaggle_races,2026-05-15 08:49:13
587,587,1975,12,70,austrian grand prix,1975-08-17,kaggle_races,2026-05-15 08:49:13
588,588,1975,13,14,italian grand prix,1975-09-07,kaggle_races,2026-05-15 08:49:13
589,589,1975,14,46,united states grand prix,1975-10-05,kaggle_races,2026-05-15 08:49:13
590,590,1974,1,25,argentine grand prix,1974-01-13,kaggle_races,2026-05-15 08:49:13
591,591,1974,2,18,brazilian grand prix,1974-01-27,kaggle_races,2026-05-15 08:49:13
592,592,1974,3,30,south african grand prix,1974-03-30,kaggle_races,2026-05-15 08:49:13
593,593,1974,4,45,spanish grand prix,1974-04-28,kaggle_races,2026-05-15 08:49:13
594,594,1974,5,50,belgian grand prix,1974-05-12,kaggle_races,2026-05-15 08:49:13
595,595,1974,6,6,monaco grand prix,1974-05-26,kaggle_races,2026-05-15 08:49:13
596,596,1974,7,47,swedish grand prix,1974-06-09,kaggle_races,2026-05-15 08:49:13
597,597,1974,8,39,dutch grand prix,1974-06-23,kaggle_races,2026-05-15 08:49:13
598,598,1974,9,41,french grand prix,1974-07-07,kaggle_races,2026-05-15 08:49:13
599,599,1974,10,38,british grand prix,1974-07-20,kaggle_races,2026-05-15 08:49:13
600,600,1974,11,20,german grand prix,1974-08-04,kaggle_races,2026-05-15 08:49:13
601,601,1974,12,70,austrian grand prix,1974-08-18,kaggle_races,2026-05-15 08:49:13
602,602,1974,13,14,italian grand prix,1974-09-08,kaggle_races,2026-05-15 08:49:13
603,603,1974,14,48,canadian grand prix,1974-09-22,kaggle_races,2026-05-15 08:49:13
604,604,1974,15,46,united states grand prix,1974-10-06,kaggle_races,2026-05-15 08:49:13
605,605,1973,1,25,argentine grand prix,1973-01-28,kaggle_races,2026-05-15 08:49:13
606,606,1973,2,18,brazilian grand prix,1973-02-11,kaggle_races,2026-05-15 08:49:13
607,607,1973,3,30,south african grand prix,1973-03-03,kaggle_races,2026-05-15 08:49:13
608,608,1973,4,49,spanish grand prix,1973-04-29,kaggle_races,2026-05-15 08:49:13
609,609,1973,5,40,belgian grand prix,1973-05-20,kaggle_races,2026-05-15 08:49:13
610,610,1973,6,6,monaco grand prix,1973-06-03,kaggle_races,2026-05-15 08:49:13
611,611,1973,7,47,swedish grand prix,1973-06-17,kaggle_races,2026-05-15 08:49:13
612,612,1973,8,34,french grand prix,1973-07-01,kaggle_races,2026-05-15 08:49:13
613,613,1973,9,9,british grand prix,1973-07-14,kaggle_races,2026-05-15 08:49:13
614,614,1973,10,39,dutch grand prix,1973-07-29,kaggle_races,2026-05-15 08:49:13
615,615,1973,11,20,german grand prix,1973-08-05,kaggle_races,2026-05-15 08:49:13
616,616,1973,12,70,austrian grand prix,1973-08-19,kaggle_races,2026-05-15 08:49:13
617,617,1973,13,14,italian grand prix,1973-09-09,kaggle_races,2026-05-15 08:49:13
618,618,1973,14,48,canadian grand prix,1973-09-23,kaggle_races,2026-05-15 08:49:13
619,619,1973,15,46,united states grand prix,1973-10-07,kaggle_races,2026-05-15 08:49:13
620,620,1972,1,25,argentine grand prix,1972-01-23,kaggle_races,2026-05-15 08:49:13
621,621,1972,2,30,south african grand prix,1972-03-04,kaggle_races,2026-05-15 08:49:13
622,622,1972,3,45,spanish grand prix,1972-05-01,kaggle_races,2026-05-15 08:49:13
623,623,1972,4,6,monaco grand prix,1972-05-14,kaggle_races,2026-05-15 08:49:13
624,624,1972,5,50,belgian grand prix,1972-06-04,kaggle_races,2026-05-15 08:49:13
625,625,1972,6,51,french grand prix,1972-07-02,kaggle_races,2026-05-15 08:49:13
626,626,1972,7,38,british grand prix,1972-07-15,kaggle_races,2026-05-15 08:49:13
627,627,1972,8,20,german grand prix,1972-07-30,kaggle_races,2026-05-15 08:49:13
628,628,1972,9,70,austrian grand prix,1972-08-13,kaggle_races,2026-05-15 08:49:13
629,629,1972,10,14,italian grand prix,1972-09-10,kaggle_races,2026-05-15 08:49:13
630,630,1972,11,48,canadian grand prix,1972-09-24,kaggle_races,2026-05-15 08:49:13
631,631,1972,12,46,united states grand prix,1972-10-08,kaggle_races,2026-05-15 08:49:13
632,632,1971,1,30,south african grand prix,1971-03-06,kaggle_races,2026-05-15 08:49:13
633,633,1971,2,49,spanish grand prix,1971-04-18,kaggle_races,2026-05-15 08:49:13
634,634,1971,3,6,monaco grand prix,1971-05-23,kaggle_races,2026-05-15 08:49:13
635,635,1971,4,39,dutch grand prix,1971-06-20,kaggle_races,2026-05-15 08:49:13
636,636,1971,5,34,french grand prix,1971-07-04,kaggle_races,2026-05-15 08:49:13
637,637,1971,6,9,british grand prix,1971-07-17,kaggle_races,2026-05-15 08:49:13
638,638,1971,7,20,german grand prix,1971-08-01,kaggle_races,2026-05-15 08:49:13
639,639,1971,8,70,austrian grand prix,1971-08-15,kaggle_races,2026-05-15 08:49:13
640,640,1971,9,14,italian grand prix,1971-09-05,kaggle_races,2026-05-15 08:49:13
641,641,1971,10,48,canadian grand prix,1971-09-19,kaggle_races,2026-05-15 08:49:13
642,642,1971,11,46,united states grand prix,1971-10-03,kaggle_races,2026-05-15 08:49:13
643,643,1970,1,30,south african grand prix,1970-03-07,kaggle_races,2026-05-15 08:49:13
644,644,1970,2,45,spanish grand prix,1970-04-19,kaggle_races,2026-05-15 08:49:13
645,645,1970,3,6,monaco grand prix,1970-05-10,kaggle_races,2026-05-15 08:49:13
646,646,1970,4,13,belgian grand prix,1970-06-07,kaggle_races,2026-05-15 08:49:13
647,647,1970,5,39,dutch grand prix,1970-06-21,kaggle_races,2026-05-15 08:49:13
648,648,1970,6,51,french grand prix,1970-07-05,kaggle_races,2026-05-15 08:49:13
649,649,1970,7,38,british grand prix,1970-07-18,kaggle_races,2026-05-15 08:49:13
650,650,1970,8,10,german grand prix,1970-08-02,kaggle_races,2026-05-15 08:49:13
651,651,1970,9,70,austrian grand prix,1970-08-16,kaggle_races,2026-05-15 08:49:13
652,652,1970,10,14,italian grand prix,1970-09-06,kaggle_races,2026-05-15 08:49:13
653,653,1970,11,52,canadian grand prix,1970-09-20,kaggle_races,2026-05-15 08:49:13
654,654,1970,12,46,united states grand prix,1970-10-04,kaggle_races,2026-05-15 08:49:13
655,655,1970,13,32,mexican grand prix,1970-10-25,kaggle_races,2026-05-15 08:49:13
656,656,1969,1,30,south african grand prix,1969-03-01,kaggle_races,2026-05-15 08:49:13
657,657,1969,2,49,spanish grand prix,1969-05-04,kaggle_races,2026-05-15 08:49:13
658,658,1969,3,6,monaco grand prix,1969-05-18,kaggle_races,2026-05-15 08:49:13
659,659,1969,4,39,dutch grand prix,1969-06-21,kaggle_races,2026-05-15 08:49:13
660,660,1969,5,51,french grand prix,1969-07-06,kaggle_races,2026-05-15 08:49:13
661,661,1969,6,9,british grand prix,1969-07-19,kaggle_races,2026-05-15 08:49:13
662,662,1969,7,20,german grand prix,1969-08-03,kaggle_races,2026-05-15 08:49:13
663,663,1969,8,14,italian grand prix,1969-09-07,kaggle_races,2026-05-15 08:49:13
664,664,1969,9,48,canadian grand prix,1969-09-20,kaggle_races,2026-05-15 08:49:13
665,665,1969,10,46,united states grand prix,1969-10-05,kaggle_races,2026-05-15 08:49:13
666,666,1969,11,32,mexican grand prix,1969-10-19,kaggle_races,2026-05-15 08:49:13
667,667,1968,1,30,south african grand prix,1968-01-01,kaggle_races,2026-05-15 08:49:13
668,668,1968,2,45,spanish grand prix,1968-05-12,kaggle_races,2026-05-15 08:49:13
669,669,1968,3,6,monaco grand prix,1968-05-26,kaggle_races,2026-05-15 08:49:13
670,670,1968,4,13,belgian grand prix,1968-06-09,kaggle_races,2026-05-15 08:49:13
671,671,1968,5,39,dutch grand prix,1968-06-23,kaggle_races,2026-05-15 08:49:13
672,672,1968,6,53,french grand prix,1968-07-07,kaggle_races,2026-05-15 08:49:13
673,673,1968,7,38,british grand prix,1968-07-20,kaggle_races,2026-05-15 08:49:13
674,674,1968,8,20,german grand prix,1968-08-04,kaggle_races,2026-05-15 08:49:13
675,675,1968,9,14,italian grand prix,1968-09-08,kaggle_races,2026-05-15 08:49:13
676,676,1968,10,52,canadian grand prix,1968-09-22,kaggle_races,2026-05-15 08:49:13
677,677,1968,11,46,united states grand prix,1968-10-06,kaggle_races,2026-05-15 08:49:13
678,678,1968,12,32,mexican grand prix,1968-11-03,kaggle_races,2026-05-15 08:49:13
679,679,1967,1,30,south african grand prix,1967-01-02,kaggle_races,2026-05-15 08:49:13
680,680,1967,2,6,monaco grand prix,1967-05-07,kaggle_races,2026-05-15 08:49:13
681,681,1967,3,39,dutch grand prix,1967-06-04,kaggle_races,2026-05-15 08:49:13
682,682,1967,4,13,belgian grand prix,1967-06-18,kaggle_races,2026-05-15 08:49:13
683,683,1967,5,54,french grand prix,1967-07-02,kaggle_races,2026-05-15 08:49:13
684,684,1967,6,9,british grand prix,1967-07-15,kaggle_races,2026-05-15 08:49:13
685,685,1967,7,20,german grand prix,1967-08-06,kaggle_races,2026-05-15 08:49:13
686,686,1967,8,48,canadian grand prix,1967-08-27,kaggle_races,2026-05-15 08:49:13
687,687,1967,9,14,italian grand prix,1967-09-10,kaggle_races,2026-05-15 08:49:13
688,688,1967,10,46,united states grand prix,1967-10-01,kaggle_races,2026-05-15 08:49:13
689,689,1967,11,32,mexican grand prix,1967-10-22,kaggle_races,2026-05-15 08:49:13
690,690,1966,1,6,monaco grand prix,1966-05-22,kaggle_races,2026-05-15 08:49:13
691,691,1966,2,13,belgian grand prix,1966-06-12,kaggle_races,2026-05-15 08:49:13
692,692,1966,3,55,french grand prix,1966-07-03,kaggle_races,2026-05-15 08:49:13
693,693,1966,4,38,british grand prix,1966-07-16,kaggle_races,2026-05-15 08:49:13
694,694,1966,5,39,dutch grand prix,1966-07-24,kaggle_races,2026-05-15 08:49:13
695,695,1966,6,20,german grand prix,1966-08-07,kaggle_races,2026-05-15 08:49:13
696,696,1966,7,14,italian grand prix,1966-09-04,kaggle_races,2026-05-15 08:49:13
697,697,1966,8,46,united states grand prix,1966-10-02,kaggle_races,2026-05-15 08:49:13
698,698,1966,9,32,mexican grand prix,1966-10-23,kaggle_races,2026-05-15 08:49:13
699,699,1965,1,56,south african grand prix,1965-01-01,kaggle_races,2026-05-15 08:49:13
700,700,1965,2,6,monaco grand prix,1965-05-30,kaggle_races,2026-05-15 08:49:13
701,701,1965,3,13,belgian grand prix,1965-06-13,kaggle_races,2026-05-15 08:49:13
702,702,1965,4,51,french grand prix,1965-06-27,kaggle_races,2026-05-15 08:49:13
703,703,1965,5,9,british grand prix,1965-07-10,kaggle_races,2026-05-15 08:49:13
704,704,1965,6,39,dutch grand prix,1965-07-18,kaggle_races,2026-05-15 08:49:13
705,705,1965,7,20,german grand prix,1965-08-01,kaggle_races,2026-05-15 08:49:13
706,706,1965,8,14,italian grand prix,1965-09-12,kaggle_races,2026-05-15 08:49:13
707,707,1965,9,46,united states grand prix,1965-10-03,kaggle_races,2026-05-15 08:49:13
708,708,1965,10,32,mexican grand prix,1965-10-24,kaggle_races,2026-05-15 08:49:13
709,709,1964,1,6,monaco grand prix,1964-05-10,kaggle_races,2026-05-15 08:49:13
710,710,1964,2,39,dutch grand prix,1964-05-24,kaggle_races,2026-05-15 08:49:13
711,711,1964,3,13,belgian grand prix,1964-06-14,kaggle_races,2026-05-15 08:49:13
712,712,1964,4,53,french grand prix,1964-06-28,kaggle_races,2026-05-15 08:49:13
713,713,1964,5,38,british grand prix,1964-07-11,kaggle_races,2026-05-15 08:49:13
714,714,1964,6,20,german grand prix,1964-08-02,kaggle_races,2026-05-15 08:49:13
715,715,1964,7,57,austrian grand prix,1964-08-23,kaggle_races,2026-05-15 08:49:13
716,716,1964,8,14,italian grand prix,1964-09-06,kaggle_races,2026-05-15 08:49:13
717,717,1964,9,46,united states grand prix,1964-10-04,kaggle_races,2026-05-15 08:49:13
718,718,1964,10,32,mexican grand prix,1964-10-25,kaggle_races,2026-05-15 08:49:13
719,719,1963,1,6,monaco grand prix,1963-05-26,kaggle_races,2026-05-15 08:49:13
720,720,1963,2,13,belgian grand prix,1963-06-09,kaggle_races,2026-05-15 08:49:13
721,721,1963,3,39,dutch grand prix,1963-06-23,kaggle_races,2026-05-15 08:49:13
722,722,1963,4,55,french grand prix,1963-06-30,kaggle_races,2026-05-15 08:49:13
723,723,1963,5,9,british grand prix,1963-07-20,kaggle_races,2026-05-15 08:49:13
724,724,1963,6,20,german grand prix,1963-08-04,kaggle_races,2026-05-15 08:49:13
725,725,1963,7,14,italian grand prix,1963-09-08,kaggle_races,2026-05-15 08:49:13
726,726,1963,8,46,united states grand prix,1963-10-06,kaggle_races,2026-05-15 08:49:13
727,727,1963,9,32,mexican grand prix,1963-10-27,kaggle_races,2026-05-15 08:49:13
728,728,1963,10,56,south african grand prix,1963-12-28,kaggle_races,2026-05-15 08:49:13
729,729,1962,1,39,dutch grand prix,1962-05-20,kaggle_races,2026-05-15 08:49:13
730,730,1962,2,6,monaco grand prix,1962-06-03,kaggle_races,2026-05-15 08:49:13
731,731,1962,3,13,belgian grand prix,1962-06-17,kaggle_races,2026-05-15 08:49:13
732,732,1962,4,53,french grand prix,1962-07-08,kaggle_races,2026-05-15 08:49:13
733,733,1962,5,58,british grand prix,1962-07-21,kaggle_races,2026-05-15 08:49:13
734,734,1962,6,20,german grand prix,1962-08-05,kaggle_races,2026-05-15 08:49:13
735,735,1962,7,14,italian grand prix,1962-09-16,kaggle_races,2026-05-15 08:49:13
736,736,1962,8,46,united states grand prix,1962-10-07,kaggle_races,2026-05-15 08:49:13
737,737,1962,9,56,south african grand prix,1962-12-29,kaggle_races,2026-05-15 08:49:13
738,738,1961,1,6,monaco grand prix,1961-05-14,kaggle_races,2026-05-15 08:49:13
739,739,1961,2,39,dutch grand prix,1961-05-22,kaggle_races,2026-05-15 08:49:13
740,740,1961,3,13,belgian grand prix,1961-06-18,kaggle_races,2026-05-15 08:49:13
741,741,1961,4,55,french grand prix,1961-07-02,kaggle_races,2026-05-15 08:49:13
742,742,1961,5,58,british grand prix,1961-07-15,kaggle_races,2026-05-15 08:49:13
743,743,1961,6,20,german grand prix,1961-08-06,kaggle_races,2026-05-15 08:49:13
744,744,1961,7,14,italian grand prix,1961-09-10,kaggle_races,2026-05-15 08:49:13
745,745,1961,8,46,united states grand prix,1961-10-08,kaggle_races,2026-05-15 08:49:13
746,746,1960,1,25,argentine grand prix,1960-02-07,kaggle_races,2026-05-15 08:49:13
747,747,1960,2,6,monaco grand prix,1960-05-29,kaggle_races,2026-05-15 08:49:13
748,748,1960,3,19,indianapolis 500,1960-05-30,kaggle_races,2026-05-15 08:49:13
749,749,1960,4,39,dutch grand prix,1960-06-06,kaggle_races,2026-05-15 08:49:13
750,750,1960,5,13,belgian grand prix,1960-06-19,kaggle_races,2026-05-15 08:49:13
751,751,1960,6,55,french grand prix,1960-07-03,kaggle_races,2026-05-15 08:49:13
752,752,1960,7,9,british grand prix,1960-07-16,kaggle_races,2026-05-15 08:49:13
753,753,1960,8,59,portuguese grand prix,1960-08-14,kaggle_races,2026-05-15 08:49:13
754,754,1960,9,14,italian grand prix,1960-09-04,kaggle_races,2026-05-15 08:49:13
755,755,1960,10,60,united states grand prix,1960-11-20,kaggle_races,2026-05-15 08:49:13
756,756,1959,1,6,monaco grand prix,1959-05-10,kaggle_races,2026-05-15 08:49:13
757,757,1959,2,19,indianapolis 500,1959-05-30,kaggle_races,2026-05-15 08:49:13
758,758,1959,3,39,dutch grand prix,1959-05-31,kaggle_races,2026-05-15 08:49:13
759,759,1959,4,55,french grand prix,1959-07-05,kaggle_races,2026-05-15 08:49:13
760,760,1959,5,58,british grand prix,1959-07-18,kaggle_races,2026-05-15 08:49:13
761,761,1959,6,61,german grand prix,1959-08-02,kaggle_races,2026-05-15 08:49:13
762,762,1959,7,62,portuguese grand prix,1959-08-23,kaggle_races,2026-05-15 08:49:13
763,763,1959,8,14,italian grand prix,1959-09-13,kaggle_races,2026-05-15 08:49:13
764,764,1959,9,63,united states grand prix,1959-12-12,kaggle_races,2026-05-15 08:49:13
765,765,1958,1,25,argentine grand prix,1958-01-19,kaggle_races,2026-05-15 08:49:13
766,766,1958,2,6,monaco grand prix,1958-05-18,kaggle_races,2026-05-15 08:49:13
767,767,1958,3,39,dutch grand prix,1958-05-26,kaggle_races,2026-05-15 08:49:13
768,768,1958,4,19,indianapolis 500,1958-05-30,kaggle_races,2026-05-15 08:49:13
769,769,1958,5,13,belgian grand prix,1958-06-15,kaggle_races,2026-05-15 08:49:13
770,770,1958,6,55,french grand prix,1958-07-06,kaggle_races,2026-05-15 08:49:13
771,771,1958,7,9,british grand prix,1958-07-19,kaggle_races,2026-05-15 08:49:13
772,772,1958,8,20,german grand prix,1958-08-03,kaggle_races,2026-05-15 08:49:13
773,773,1958,9,59,portuguese grand prix,1958-08-24,kaggle_races,2026-05-15 08:49:13
774,774,1958,10,14,italian grand prix,1958-09-07,kaggle_races,2026-05-15 08:49:13
775,775,1958,11,64,moroccan grand prix,1958-10-19,kaggle_races,2026-05-15 08:49:13
776,776,1957,1,25,argentine grand prix,1957-01-13,kaggle_races,2026-05-15 08:49:13
777,777,1957,2,6,monaco grand prix,1957-05-19,kaggle_races,2026-05-15 08:49:13
778,778,1957,3,19,indianapolis 500,1957-05-30,kaggle_races,2026-05-15 08:49:13
779,779,1957,4,53,french grand prix,1957-07-07,kaggle_races,2026-05-15 08:49:13
780,780,1957,5,58,british grand prix,1957-07-20,kaggle_races,2026-05-15 08:49:13
781,781,1957,6,20,german grand prix,1957-08-04,kaggle_races,2026-05-15 08:49:13
782,782,1957,7,65,pescara grand prix,1957-08-18,kaggle_races,2026-05-15 08:49:13
783,783,1957,8,14,italian grand prix,1957-09-08,kaggle_races,2026-05-15 08:49:13
784,784,1956,1,25,argentine grand prix,1956-01-22,kaggle_races,2026-05-15 08:49:13
785,785,1956,2,6,monaco grand prix,1956-05-13,kaggle_races,2026-05-15 08:49:13
786,786,1956,3,19,indianapolis 500,1956-05-30,kaggle_races,2026-05-15 08:49:13
787,787,1956,4,13,belgian grand prix,1956-06-03,kaggle_races,2026-05-15 08:49:13
788,788,1956,5,55,french grand prix,1956-07-01,kaggle_races,2026-05-15 08:49:13
789,789,1956,6,9,british grand prix,1956-07-14,kaggle_races,2026-05-15 08:49:13
790,790,1956,7,20,german grand prix,1956-08-05,kaggle_races,2026-05-15 08:49:13
791,791,1956,8,14,italian grand prix,1956-09-02,kaggle_races,2026-05-15 08:49:13
792,792,1955,1,25,argentine grand prix,1955-01-16,kaggle_races,2026-05-15 08:49:13
793,793,1955,2,6,monaco grand prix,1955-05-22,kaggle_races,2026-05-15 08:49:13
794,794,1955,3,19,indianapolis 500,1955-05-30,kaggle_races,2026-05-15 08:49:13
795,795,1955,4,13,belgian grand prix,1955-06-05,kaggle_races,2026-05-15 08:49:13
796,796,1955,5,39,dutch grand prix,1955-06-19,kaggle_races,2026-05-15 08:49:13
797,797,1955,6,58,british grand prix,1955-07-16,kaggle_races,2026-05-15 08:49:13
798,798,1955,7,14,italian grand prix,1955-09-11,kaggle_races,2026-05-15 08:49:13
799,799,1954,1,25,argentine grand prix,1954-01-17,kaggle_races,2026-05-15 08:49:13
800,800,1954,2,19,indianapolis 500,1954-05-31,kaggle_races,2026-05-15 08:49:13
801,801,1954,3,13,belgian grand prix,1954-06-20,kaggle_races,2026-05-15 08:49:13
802,802,1954,4,55,french grand prix,1954-07-04,kaggle_races,2026-05-15 08:49:13
803,803,1954,5,9,british grand prix,1954-07-17,kaggle_races,2026-05-15 08:49:13
804,804,1954,6,20,german grand prix,1954-08-01,kaggle_races,2026-05-15 08:49:13
805,805,1954,7,66,swiss grand prix,1954-08-22,kaggle_races,2026-05-15 08:49:13
806,806,1954,8,14,italian grand prix,1954-09-05,kaggle_races,2026-05-15 08:49:13
807,807,1954,9,67,spanish grand prix,1954-10-24,kaggle_races,2026-05-15 08:49:13
808,808,1953,1,25,argentine grand prix,1953-01-18,kaggle_races,2026-05-15 08:49:13
809,809,1953,2,19,indianapolis 500,1953-05-30,kaggle_races,2026-05-15 08:49:13
810,810,1953,3,39,dutch grand prix,1953-06-07,kaggle_races,2026-05-15 08:49:13
811,811,1953,4,13,belgian grand prix,1953-06-21,kaggle_races,2026-05-15 08:49:13
812,812,1953,5,55,french grand prix,1953-07-05,kaggle_races,2026-05-15 08:49:13
813,813,1953,6,9,british grand prix,1953-07-18,kaggle_races,2026-05-15 08:49:13
814,814,1953,7,20,german grand prix,1953-08-02,kaggle_races,2026-05-15 08:49:13
815,815,1953,8,66,swiss grand prix,1953-08-23,kaggle_races,2026-05-15 08:49:13
816,816,1953,9,14,italian grand prix,1953-09-13,kaggle_races,2026-05-15 08:49:13
817,817,1952,1,66,swiss grand prix,1952-05-18,kaggle_races,2026-05-15 08:49:13
818,818,1952,2,19,indianapolis 500,1952-05-30,kaggle_races,2026-05-15 08:49:13
819,819,1952,3,13,belgian grand prix,1952-06-22,kaggle_races,2026-05-15 08:49:13
820,820,1952,4,53,french grand prix,1952-07-06,kaggle_races,2026-05-15 08:49:13
821,821,1952,5,9,british grand prix,1952-07-19,kaggle_races,2026-05-15 08:49:13
822,822,1952,6,20,german grand prix,1952-08-03,kaggle_races,2026-05-15 08:49:13
823,823,1952,7,39,dutch grand prix,1952-08-17,kaggle_races,2026-05-15 08:49:13
824,824,1952,8,14,italian grand prix,1952-09-07,kaggle_races,2026-05-15 08:49:13
825,825,1951,1,66,swiss grand prix,1951-05-27,kaggle_races,2026-05-15 08:49:13
826,826,1951,2,19,indianapolis 500,1951-05-30,kaggle_races,2026-05-15 08:49:13
827,827,1951,3,13,belgian grand prix,1951-06-17,kaggle_races,2026-05-15 08:49:13
828,828,1951,4,55,french grand prix,1951-07-01,kaggle_races,2026-05-15 08:49:13
829,829,1951,5,9,british grand prix,1951-07-14,kaggle_races,2026-05-15 08:49:13
830,830,1951,6,20,german grand prix,1951-07-29,kaggle_races,2026-05-15 08:49:13
831,831,1951,7,14,italian grand prix,1951-09-16,kaggle_races,2026-05-15 08:49:13
832,832,1951,8,67,spanish grand prix,1951-10-28,kaggle_races,2026-05-15 08:49:13
833,833,1950,1,9,british grand prix,1950-05-13,kaggle_races,2026-05-15 08:49:13
834,834,1950,2,6,monaco grand prix,1950-05-21,kaggle_races,2026-05-15 08:49:13
835,835,1950,3,19,indianapolis 500,1950-05-30,kaggle_races,2026-05-15 08:49:13
836,836,1950,4,66,swiss grand prix,1950-06-04,kaggle_races,2026-05-15 08:49:13
837,837,1950,5,13,belgian grand prix,1950-06-18,kaggle_races,2026-05-15 08:49:13
838,838,1950,6,55,french grand prix,1950-07-02,kaggle_races,2026-05-15 08:49:13
839,839,1950,7,14,italian grand prix,1950-09-03,kaggle_races,2026-05-15 08:49:13
840,841,2011,1,1,australian grand prix,2011-03-27,kaggle_races,2026-05-15 08:49:13
841,842,2011,2,2,malaysian grand prix,2011-04-10,kaggle_races,2026-05-15 08:49:13
842,843,2011,3,17,chinese grand prix,2011-04-17,kaggle_races,2026-05-15 08:49:13
843,844,2011,4,5,turkish grand prix,2011-05-08,kaggle_races,2026-05-15 08:49:13
844,845,2011,5,4,spanish grand prix,2011-05-22,kaggle_races,2026-05-15 08:49:13
845,846,2011,6,6,monaco grand prix,2011-05-29,kaggle_races,2026-05-15 08:49:13
846,847,2011,7,7,canadian grand prix,2011-06-12,kaggle_races,2026-05-15 08:49:13
847,848,2011,8,12,european grand prix,2011-06-26,kaggle_races,2026-05-15 08:49:13
848,849,2011,9,9,british grand prix,2011-07-10,kaggle_races,2026-05-15 08:49:13
849,850,2011,10,20,german grand prix,2011-07-24,kaggle_races,2026-05-15 08:49:13
850,851,2011,11,11,hungarian grand prix,2011-07-31,kaggle_races,2026-05-15 08:49:13
851,852,2011,12,13,belgian grand prix,2011-08-28,kaggle_races,2026-05-15 08:49:13
852,853,2011,13,14,italian grand prix,2011-09-11,kaggle_races,2026-05-15 08:49:13
853,854,2011,14,15,singapore grand prix,2011-09-25,kaggle_races,2026-05-15 08:49:13
854,855,2011,15,22,japanese grand prix,2011-10-09,kaggle_races,2026-05-15 08:49:13
855,856,2011,16,35,korean grand prix,2011-10-16,kaggle_races,2026-05-15 08:49:13
856,857,2011,17,68,indian grand prix,2011-10-30,kaggle_races,2026-05-15 08:49:13
857,858,2011,18,24,abu dhabi grand prix,2011-11-13,kaggle_races,2026-05-15 08:49:13
858,859,2011,19,18,brazilian grand prix,2011-11-27,kaggle_races,2026-05-15 08:49:13
859,860,2012,1,1,australian grand prix,2012-03-18,kaggle_races,2026-05-15 08:49:13
860,861,2012,2,2,malaysian grand prix,2012-03-25,kaggle_races,2026-05-15 08:49:13
861,862,2012,3,17,chinese grand prix,2012-04-15,kaggle_races,2026-05-15 08:49:13
862,863,2012,4,3,bahrain grand prix,2012-04-22,kaggle_races,2026-05-15 08:49:13
863,864,2012,5,4,spanish grand prix,2012-05-13,kaggle_races,2026-05-15 08:49:13
864,865,2012,6,6,monaco grand prix,2012-05-27,kaggle_races,2026-05-15 08:49:13
865,866,2012,7,7,canadian grand prix,2012-06-10,kaggle_races,2026-05-15 08:49:13
866,867,2012,8,12,european grand prix,2012-06-24,kaggle_races,2026-05-15 08:49:13
867,868,2012,9,9,british grand prix,2012-07-08,kaggle_races,2026-05-15 08:49:13
868,869,2012,10,10,german grand prix,2012-07-22,kaggle_races,2026-05-15 08:49:13
869,870,2012,11,11,hungarian grand prix,2012-07-29,kaggle_races,2026-05-15 08:49:13
870,871,2012,12,13,belgian grand prix,2012-09-02,kaggle_races,2026-05-15 08:49:13
871,872,2012,13,14,italian grand prix,2012-09-09,kaggle_races,2026-05-15 08:49:13
872,873,2012,14,15,singapore grand prix,2012-09-23,kaggle_races,2026-05-15 08:49:13
873,874,2012,15,22,japanese grand prix,2012-10-07,kaggle_races,2026-05-15 08:49:13
874,875,2012,16,35,korean grand prix,2012-10-14,kaggle_races,2026-05-15 08:49:13
875,876,2012,17,68,indian grand prix,2012-10-28,kaggle_races,2026-05-15 08:49:13
876,877,2012,18,24,abu dhabi grand prix,2012-11-04,kaggle_races,2026-05-15 08:49:13
877,878,2012,19,69,united states grand prix,2012-11-18,kaggle_races,2026-05-15 08:49:13
878,879,2012,20,18,brazilian grand prix,2012-11-25,kaggle_races,2026-05-15 08:49:13
879,880,2013,1,1,australian grand prix,2013-03-17,kaggle_races,2026-05-15 08:49:13
880,881,2013,2,2,malaysian grand prix,2013-03-24,kaggle_races,2026-05-15 08:49:13
881,882,2013,3,17,chinese grand prix,2013-04-14,kaggle_races,2026-05-15 08:49:13
882,883,2013,4,3,bahrain grand prix,2013-04-21,kaggle_races,2026-05-15 08:49:13
883,884,2013,5,4,spanish grand prix,2013-05-12,kaggle_races,2026-05-15 08:49:13
884,885,2013,6,6,monaco grand prix,2013-05-26,kaggle_races,2026-05-15 08:49:13
885,886,2013,7,7,canadian grand prix,2013-06-09,kaggle_races,2026-05-15 08:49:13
886,887,2013,8,9,british grand prix,2013-06-30,kaggle_races,2026-05-15 08:49:13
887,888,2013,9,20,german grand prix,2013-07-07,kaggle_races,2026-05-15 08:49:13
888,890,2013,10,11,hungarian grand prix,2013-07-28,kaggle_races,2026-05-15 08:49:13
889,891,2013,11,13,belgian grand prix,2013-08-25,kaggle_races,2026-05-15 08:49:13
890,892,2013,12,14,italian grand prix,2013-09-08,kaggle_races,2026-05-15 08:49:13
891,893,2013,13,15,singapore grand prix,2013-09-22,kaggle_races,2026-05-15 08:49:13
892,894,2013,14,35,korean grand prix,2013-10-06,kaggle_races,2026-05-15 08:49:13
893,895,2013,15,22,japanese grand prix,2013-10-13,kaggle_races,2026-05-15 08:49:13
894,896,2013,16,68,indian grand prix,2013-10-27,kaggle_races,2026-05-15 08:49:13
895,897,2013,17,24,abu dhabi grand prix,2013-11-03,kaggle_races,2026-05-15 08:49:13
896,898,2013,18,69,united states grand prix,2013-11-17,kaggle_races,2026-05-15 08:49:13
897,899,2013,19,18,brazilian grand prix,2013-11-24,kaggle_races,2026-05-15 08:49:13
898,900,2014,1,1,australian grand prix,2014-03-16,kaggle_races,2026-05-15 08:49:13
899,901,2014,2,2,malaysian grand prix,2014-03-30,kaggle_races,2026-05-15 08:49:13
900,902,2014,3,3,bahrain grand prix,2014-04-06,kaggle_races,2026-05-15 08:49:13
901,903,2014,4,17,chinese grand prix,2014-04-20,kaggle_races,2026-05-15 08:49:13
902,904,2014,5,4,spanish grand prix,2014-05-11,kaggle_races,2026-05-15 08:49:13
903,905,2014,6,6,monaco grand prix,2014-05-25,kaggle_races,2026-05-15 08:49:13
904,906,2014,7,7,canadian grand prix,2014-06-08,kaggle_races,2026-05-15 08:49:13
905,907,2014,8,70,austrian grand prix,2014-06-22,kaggle_races,2026-05-15 08:49:13
906,908,2014,9,9,british grand prix,2014-07-06,kaggle_races,2026-05-15 08:49:13
907,909,2014,10,10,german grand prix,2014-07-20,kaggle_races,2026-05-15 08:49:13
908,910,2014,11,11,hungarian grand prix,2014-07-27,kaggle_races,2026-05-15 08:49:13
909,911,2014,12,13,belgian grand prix,2014-08-24,kaggle_races,2026-05-15 08:49:13
910,912,2014,13,14,italian grand prix,2014-09-07,kaggle_races,2026-05-15 08:49:13
911,913,2014,14,15,singapore grand prix,2014-09-21,kaggle_races,2026-05-15 08:49:13
912,914,2014,15,22,japanese grand prix,2014-10-05,kaggle_races,2026-05-15 08:49:13
913,915,2014,16,71,russian grand prix,2014-10-12,kaggle_races,2026-05-15 08:49:13
914,916,2014,17,69,united states grand prix,2014-11-02,kaggle_races,2026-05-15 08:49:13
915,917,2014,18,18,brazilian grand prix,2014-11-09,kaggle_races,2026-05-15 08:49:13
916,918,2014,19,24,abu dhabi grand prix,2014-11-23,kaggle_races,2026-05-15 08:49:13
917,931,2015,6,6,monaco grand prix,2015-05-24,kaggle_races,2026-05-15 08:49:13
918,932,2015,7,7,canadian grand prix,2015-06-07,kaggle_races,2026-05-15 08:49:13
919,929,2015,4,3,bahrain grand prix,2015-04-19,kaggle_races,2026-05-15 08:49:13
920,930,2015,5,4,spanish grand prix,2015-05-10,kaggle_races,2026-05-15 08:49:13
921,928,2015,3,17,chinese grand prix,2015-04-12,kaggle_races,2026-05-15 08:49:13
922,926,2015,1,1,australian grand prix,2015-03-15,kaggle_races,2026-05-15 08:49:13
923,927,2015,2,2,malaysian grand prix,2015-03-29,kaggle_races,2026-05-15 08:49:13
924,933,2015,8,70,austrian grand prix,2015-06-21,kaggle_races,2026-05-15 08:49:13
925,934,2015,9,9,british grand prix,2015-07-05,kaggle_races,2026-05-15 08:49:13
926,936,2015,10,11,hungarian grand prix,2015-07-26,kaggle_races,2026-05-15 08:49:13
927,937,2015,11,13,belgian grand prix,2015-08-23,kaggle_races,2026-05-15 08:49:13
928,938,2015,12,14,italian grand prix,2015-09-06,kaggle_races,2026-05-15 08:49:13
929,939,2015,13,15,singapore grand prix,2015-09-20,kaggle_races,2026-05-15 08:49:13
930,940,2015,14,22,japanese grand prix,2015-09-27,kaggle_races,2026-05-15 08:49:13
931,941,2015,15,71,russian grand prix,2015-10-11,kaggle_races,2026-05-15 08:49:13
932,942,2015,16,69,united states grand prix,2015-10-25,kaggle_races,2026-05-15 08:49:13
933,943,2015,17,32,mexican grand prix,2015-11-01,kaggle_races,2026-05-15 08:49:13
934,944,2015,18,18,brazilian grand prix,2015-11-15,kaggle_races,2026-05-15 08:49:13
935,945,2015,19,24,abu dhabi grand prix,2015-11-29,kaggle_races,2026-05-15 08:49:13
936,948,2016,1,1,australian grand prix,2016-03-20,kaggle_races,2026-05-15 08:49:13
937,949,2016,2,3,bahrain grand prix,2016-04-03,kaggle_races,2026-05-15 08:49:13
938,950,2016,3,17,chinese grand prix,2016-04-17,kaggle_races,2026-05-15 08:49:13
939,951,2016,4,71,russian grand prix,2016-05-01,kaggle_races,2026-05-15 08:49:13
940,952,2016,5,4,spanish grand prix,2016-05-15,kaggle_races,2026-05-15 08:49:13
941,953,2016,6,6,monaco grand prix,2016-05-29,kaggle_races,2026-05-15 08:49:13
942,954,2016,7,7,canadian grand prix,2016-06-12,kaggle_races,2026-05-15 08:49:13
943,955,2016,8,73,european grand prix,2016-06-19,kaggle_races,2026-05-15 08:49:13
944,956,2016,9,70,austrian grand prix,2016-07-03,kaggle_races,2026-05-15 08:49:13
945,957,2016,10,9,british grand prix,2016-07-10,kaggle_races,2026-05-15 08:49:13
946,958,2016,11,11,hungarian grand prix,2016-07-24,kaggle_races,2026-05-15 08:49:13
947,959,2016,12,10,german grand prix,2016-07-31,kaggle_races,2026-05-15 08:49:13
948,960,2016,13,13,belgian grand prix,2016-08-28,kaggle_races,2026-05-15 08:49:13
949,961,2016,14,14,italian grand prix,2016-09-04,kaggle_races,2026-05-15 08:49:13
950,962,2016,15,15,singapore grand prix,2016-09-18,kaggle_races,2026-05-15 08:49:13
951,963,2016,16,2,malaysian grand prix,2016-10-02,kaggle_races,2026-05-15 08:49:13
952,964,2016,17,22,japanese grand prix,2016-10-09,kaggle_races,2026-05-15 08:49:13
953,965,2016,18,69,united states grand prix,2016-10-23,kaggle_races,2026-05-15 08:49:13
954,966,2016,19,32,mexican grand prix,2016-10-30,kaggle_races,2026-05-15 08:49:13
955,967,2016,20,18,brazilian grand prix,2016-11-13,kaggle_races,2026-05-15 08:49:13
956,968,2016,21,24,abu dhabi grand prix,2016-11-27,kaggle_races,2026-05-15 08:49:13
957,969,2017,1,1,australian grand prix,2017-03-26,kaggle_races,2026-05-15 08:49:13
958,970,2017,2,17,chinese grand prix,2017-04-09,kaggle_races,2026-05-15 08:49:13
959,971,2017,3,3,bahrain grand prix,2017-04-16,kaggle_races,2026-05-15 08:49:13
960,972,2017,4,71,russian grand prix,2017-04-30,kaggle_races,2026-05-15 08:49:13
961,973,2017,5,4,spanish grand prix,2017-05-14,kaggle_races,2026-05-15 08:49:13
962,974,2017,6,6,monaco grand prix,2017-05-28,kaggle_races,2026-05-15 08:49:13
963,975,2017,7,7,canadian grand prix,2017-06-11,kaggle_races,2026-05-15 08:49:13
964,976,2017,8,73,azerbaijan grand prix,2017-06-25,kaggle_races,2026-05-15 08:49:13
965,977,2017,9,70,austrian grand prix,2017-07-09,kaggle_races,2026-05-15 08:49:13
966,978,2017,10,9,british grand prix,2017-07-16,kaggle_races,2026-05-15 08:49:13
967,979,2017,11,11,hungarian grand prix,2017-07-30,kaggle_races,2026-05-15 08:49:13
968,980,2017,12,13,belgian grand prix,2017-08-27,kaggle_races,2026-05-15 08:49:13
969,981,2017,13,14,italian grand prix,2017-09-03,kaggle_races,2026-05-15 08:49:13
970,982,2017,14,15,singapore grand prix,2017-09-17,kaggle_races,2026-05-15 08:49:13
971,983,2017,15,2,malaysian grand prix,2017-10-01,kaggle_races,2026-05-15 08:49:13
972,984,2017,16,22,japanese grand prix,2017-10-08,kaggle_races,2026-05-15 08:49:13
973,985,2017,17,69,united states grand prix,2017-10-22,kaggle_races,2026-05-15 08:49:13
974,986,2017,18,32,mexican grand prix,2017-10-29,kaggle_races,2026-05-15 08:49:13
975,987,2017,19,18,brazilian grand prix,2017-11-12,kaggle_races,2026-05-15 08:49:13
976,988,2017,20,24,abu dhabi grand prix,2017-11-26,kaggle_races,2026-05-15 08:49:13
977,989,2018,1,1,australian grand prix,2018-03-25,kaggle_races,2026-05-15 08:49:13
978,990,2018,2,3,bahrain grand prix,2018-04-08,kaggle_races,2026-05-15 08:49:13
979,991,2018,3,17,chinese grand prix,2018-04-15,kaggle_races,2026-05-15 08:49:13
980,992,2018,4,73,azerbaijan grand prix,2018-04-29,kaggle_races,2026-05-15 08:49:13
981,993,2018,5,4,spanish grand prix,2018-05-13,kaggle_races,2026-05-15 08:49:13
982,994,2018,6,6,monaco grand prix,2018-05-27,kaggle_races,2026-05-15 08:49:13
983,995,2018,7,7,canadian grand prix,2018-06-10,kaggle_races,2026-05-15 08:49:13
984,996,2018,8,34,french grand prix,2018-06-24,kaggle_races,2026-05-15 08:49:13
985,997,2018,9,70,austrian grand prix,2018-07-01,kaggle_races,2026-05-15 08:49:13
986,998,2018,10,9,british grand prix,2018-07-08,kaggle_races,2026-05-15 08:49:13
987,999,2018,11,10,german grand prix,2018-07-22,kaggle_races,2026-05-15 08:49:13
988,1000,2018,12,11,hungarian grand prix,2018-07-29,kaggle_races,2026-05-15 08:49:13
989,1001,2018,13,13,belgian grand prix,2018-08-26,kaggle_races,2026-05-15 08:49:13
990,1002,2018,14,14,italian grand prix,2018-09-02,kaggle_races,2026-05-15 08:49:13
991,1003,2018,15,15,singapore grand prix,2018-09-16,kaggle_races,2026-05-15 08:49:13
992,1004,2018,16,71,russian grand prix,2018-09-30,kaggle_races,2026-05-15 08:49:13
993,1005,2018,17,22,japanese grand prix,2018-10-07,kaggle_races,2026-05-15 08:49:13
994,1006,2018,18,69,united states grand prix,2018-10-21,kaggle_races,2026-05-15 08:49:13
995,1007,2018,19,32,mexican grand prix,2018-10-28,kaggle_races,2026-05-15 08:49:13
996,1008,2018,20,18,brazilian grand prix,2018-11-11,kaggle_races,2026-05-15 08:49:13
997,1009,2018,21,24,abu dhabi grand prix,2018-11-25,kaggle_races,2026-05-15 08:49:13
998,1010,2019,1,1,australian grand prix,2019-03-17,kaggle_races,2026-05-15 08:49:13
999,1011,2019,2,3,bahrain grand prix,2019-03-31,kaggle_races,2026-05-15 08:49:13
1000,1012,2019,3,17,chinese grand prix,2019-04-14,kaggle_races,2026-05-15 08:49:13
1001,1013,2019,4,73,azerbaijan grand prix,2019-04-28,kaggle_races,2026-05-15 08:49:13
1002,1014,2019,5,4,spanish grand prix,2019-05-12,kaggle_races,2026-05-15 08:49:13
1003,1015,2019,6,6,monaco grand prix,2019-05-26,kaggle_races,2026-05-15 08:49:13
1004,1016,2019,7,7,canadian grand prix,2019-06-09,kaggle_races,2026-05-15 08:49:13
1005,1017,2019,8,34,french grand prix,2019-06-23,kaggle_races,2026-05-15 08:49:13
1006,1018,2019,9,70,austrian grand prix,2019-06-30,kaggle_races,2026-05-15 08:49:13
1007,1019,2019,10,9,british grand prix,2019-07-14,kaggle_races,2026-05-15 08:49:13
1008,1020,2019,11,10,german grand prix,2019-07-28,kaggle_races,2026-05-15 08:49:13
1009,1021,2019,12,11,hungarian grand prix,2019-08-04,kaggle_races,2026-05-15 08:49:13
1010,1022,2019,13,13,belgian grand prix,2019-09-01,kaggle_races,2026-05-15 08:49:13
1011,1023,2019,14,14,italian grand prix,2019-09-08,kaggle_races,2026-05-15 08:49:13
1012,1024,2019,15,15,singapore grand prix,2019-09-22,kaggle_races,2026-05-15 08:49:13
1013,1025,2019,16,71,russian grand prix,2019-09-29,kaggle_races,2026-05-15 08:49:13
1014,1026,2019,17,22,japanese grand prix,2019-10-13,kaggle_races,2026-05-15 08:49:13
1015,1027,2019,18,32,mexican grand prix,2019-10-27,kaggle_races,2026-05-15 08:49:13
1016,1028,2019,19,69,united states grand prix,2019-11-03,kaggle_races,2026-05-15 08:49:13
1017,1029,2019,20,18,brazilian grand prix,2019-11-17,kaggle_races,2026-05-15 08:49:13
1018,1030,2019,21,24,abu dhabi grand prix,2019-12-01,kaggle_races,2026-05-15 08:49:13
1019,1031,2020,1,70,austrian grand prix,2020-07-05,kaggle_races,2026-05-15 08:49:13
1020,1032,2020,2,70,styrian grand prix,2020-07-12,kaggle_races,2026-05-15 08:49:13
1021,1033,2020,3,11,hungarian grand prix,2020-07-19,kaggle_races,2026-05-15 08:49:13
1022,1034,2020,4,9,british grand prix,2020-08-02,kaggle_races,2026-05-15 08:49:13
1023,1035,2020,5,9,70th anniversary grand prix,2020-08-09,kaggle_races,2026-05-15 08:49:13
1024,1036,2020,6,4,spanish grand prix,2020-08-16,kaggle_races,2026-05-15 08:49:13
1025,1037,2020,7,13,belgian grand prix,2020-08-30,kaggle_races,2026-05-15 08:49:13
1026,1038,2020,8,14,italian grand prix,2020-09-06,kaggle_races,2026-05-15 08:49:13
1027,1039,2020,9,76,tuscan grand prix,2020-09-13,kaggle_races,2026-05-15 08:49:13
1028,1040,2020,10,71,russian grand prix,2020-09-27,kaggle_races,2026-05-15 08:49:13
1029,1041,2020,11,20,eifel grand prix,2020-10-11,kaggle_races,2026-05-15 08:49:13
1030,1042,2020,12,75,portuguese grand prix,2020-10-25,kaggle_races,2026-05-15 08:49:13
1031,1043,2020,13,21,emilia romagna grand prix,2020-11-01,kaggle_races,2026-05-15 08:49:13
1032,1044,2020,14,5,turkish grand prix,2020-11-15,kaggle_races,2026-05-15 08:49:13
1033,1045,2020,15,3,bahrain grand prix,2020-11-29,kaggle_races,2026-05-15 08:49:13
1034,1046,2020,16,3,sakhir grand prix,2020-12-06,kaggle_races,2026-05-15 08:49:13
1035,1047,2020,17,24,abu dhabi grand prix,2020-12-13,kaggle_races,2026-05-15 08:49:13
1036,1053,2021,2,21,emilia romagna grand prix,2021-04-18,kaggle_races,2026-05-15 08:49:13
1037,1074,2022,1,3,bahrain grand prix,2022-03-20,kaggle_races,2026-05-15 08:49:13
1038,1052,2021,1,3,bahrain grand prix,2021-03-28,kaggle_races,2026-05-15 08:49:13
1039,1051,2021,20,78,qatar grand prix,2021-11-21,kaggle_races,2026-05-15 08:49:13
1040,1054,2021,3,75,portuguese grand prix,2021-05-02,kaggle_races,2026-05-15 08:49:13
1041,1055,2021,4,4,spanish grand prix,2021-05-09,kaggle_races,2026-05-15 08:49:13
1042,1056,2021,5,6,monaco grand prix,2021-05-23,kaggle_races,2026-05-15 08:49:13
1043,1057,2021,6,73,azerbaijan grand prix,2021-06-06,kaggle_races,2026-05-15 08:49:13
1044,1058,2021,8,70,styrian grand prix,2021-06-27,kaggle_races,2026-05-15 08:49:13
1045,1059,2021,7,34,french grand prix,2021-06-20,kaggle_races,2026-05-15 08:49:13
1046,1060,2021,9,70,austrian grand prix,2021-07-04,kaggle_races,2026-05-15 08:49:13
1047,1061,2021,10,9,british grand prix,2021-07-18,kaggle_races,2026-05-15 08:49:13
1048,1062,2021,11,11,hungarian grand prix,2021-08-01,kaggle_races,2026-05-15 08:49:13
1049,1063,2021,12,13,belgian grand prix,2021-08-29,kaggle_races,2026-05-15 08:49:13
1050,1064,2021,13,39,dutch grand prix,2021-09-05,kaggle_races,2026-05-15 08:49:13
1051,1065,2021,14,14,italian grand prix,2021-09-12,kaggle_races,2026-05-15 08:49:13
1052,1066,2021,15,71,russian grand prix,2021-09-26,kaggle_races,2026-05-15 08:49:13
1053,1067,2021,16,5,turkish grand prix,2021-10-10,kaggle_races,2026-05-15 08:49:13
1054,1069,2021,17,69,united states grand prix,2021-10-24,kaggle_races,2026-05-15 08:49:13
1055,1070,2021,18,32,mexico city grand prix,2021-11-07,kaggle_races,2026-05-15 08:49:13
1056,1071,2021,19,18,sao paulo grand prix,2021-11-14,kaggle_races,2026-05-15 08:49:13
1057,1072,2021,21,77,saudi arabian grand prix,2021-12-05,kaggle_races,2026-05-15 08:49:13
1058,1073,2021,22,24,abu dhabi grand prix,2021-12-12,kaggle_races,2026-05-15 08:49:13
1059,1075,2022,2,77,saudi arabian grand prix,2022-03-27,kaggle_races,2026-05-15 08:49:13
1060,1076,2022,3,1,australian grand prix,2022-04-10,kaggle_races,2026-05-15 08:49:13
1061,1077,2022,4,21,emilia romagna grand prix,2022-04-24,kaggle_races,2026-05-15 08:49:13
1062,1078,2022,5,79,miami grand prix,2022-05-08,kaggle_races,2026-05-15 08:49:13
1063,1079,2022,6,4,spanish grand prix,2022-05-22,kaggle_races,2026-05-15 08:49:13
1064,1080,2022,7,6,monaco grand prix,2022-05-29,kaggle_races,2026-05-15 08:49:13
1065,1081,2022,8,73,azerbaijan grand prix,2022-06-12,kaggle_races,2026-05-15 08:49:13
1066,1082,2022,9,7,canadian grand prix,2022-06-19,kaggle_races,2026-05-15 08:49:13
1067,1083,2022,10,9,british grand prix,2022-07-03,kaggle_races,2026-05-15 08:49:13
1068,1084,2022,11,70,austrian grand prix,2022-07-10,kaggle_races,2026-05-15 08:49:13
1069,1085,2022,12,34,french grand prix,2022-07-24,kaggle_races,2026-05-15 08:49:13
1070,1086,2022,13,11,hungarian grand prix,2022-07-31,kaggle_races,2026-05-15 08:49:13
1071,1087,2022,14,13,belgian grand prix,2022-08-28,kaggle_races,2026-05-15 08:49:13
1072,1088,2022,15,39,dutch grand prix,2022-09-04,kaggle_races,2026-05-15 08:49:13
1073,1089,2022,16,14,italian grand prix,2022-09-11,kaggle_races,2026-05-15 08:49:13
1074,1091,2022,17,15,singapore grand prix,2022-10-02,kaggle_races,2026-05-15 08:49:13
1075,1092,2022,18,22,japanese grand prix,2022-10-09,kaggle_races,2026-05-15 08:49:13
1076,1093,2022,19,69,united states grand prix,2022-10-23,kaggle_races,2026-05-15 08:49:13
1077,1094,2022,20,32,mexico city grand prix,2022-10-30,kaggle_races,2026-05-15 08:49:13
1078,1095,2022,21,18,sao paulo grand prix,2022-11-13,kaggle_races,2026-05-15 08:49:13
1079,1096,2022,22,24,abu dhabi grand prix,2022-11-20,kaggle_races,2026-05-15 08:49:13
1080,1098,2023,1,3,bahrain grand prix,2023-03-05,kaggle_races,2026-05-15 08:49:13
1081,1099,2023,2,77,saudi arabian grand prix,2023-03-19,kaggle_races,2026-05-15 08:49:13
1082,1100,2023,3,1,australian grand prix,2023-04-02,kaggle_races,2026-05-15 08:49:13
1083,1101,2023,4,73,azerbaijan grand prix,2023-04-30,kaggle_races,2026-05-15 08:49:13
1084,1102,2023,5,79,miami grand prix,2023-05-07,kaggle_races,2026-05-15 08:49:13
1085,1104,2023,6,6,monaco grand prix,2023-05-28,kaggle_races,2026-05-15 08:49:13
1086,1105,2023,7,4,spanish grand prix,2023-06-04,kaggle_races,2026-05-15 08:49:13
1087,1106,2023,8,7,canadian grand prix,2023-06-18,kaggle_races,2026-05-15 08:49:13
1088,1107,2023,9,70,austrian grand prix,2023-07-02,kaggle_races,2026-05-15 08:49:13
1089,1108,2023,10,9,british grand prix,2023-07-09,kaggle_races,2026-05-15 08:49:13
1090,1109,2023,11,11,hungarian grand prix,2023-07-23,kaggle_races,2026-05-15 08:49:13
1091,1110,2023,12,13,belgian grand prix,2023-07-30,kaggle_races,2026-05-15 08:49:13
1092,1111,2023,13,39,dutch grand prix,2023-08-27,kaggle_races,2026-05-15 08:49:13
1093,1112,2023,14,14,italian grand prix,2023-09-03,kaggle_races,2026-05-15 08:49:13
1094,1113,2023,15,15,singapore grand prix,2023-09-17,kaggle_races,2026-05-15 08:49:13
1095,1114,2023,16,22,japanese grand prix,2023-09-24,kaggle_races,2026-05-15 08:49:13
1096,1115,2023,17,78,qatar grand prix,2023-10-08,kaggle_races,2026-05-15 08:49:13
1097,1116,2023,18,69,united states grand prix,2023-10-22,kaggle_races,2026-05-15 08:49:13
1098,1117,2023,19,32,mexico city grand prix,2023-10-29,kaggle_races,2026-05-15 08:49:13
1099,1118,2023,20,18,sao paulo grand prix,2023-11-05,kaggle_races,2026-05-15 08:49:13
1100,1119,2023,21,80,las vegas grand prix,2023-11-19,kaggle_races,2026-05-15 08:49:13
1101,1120,2023,22,24,abu dhabi grand prix,2023-11-26,kaggle_races,2026-05-15 08:49:13
1102,1121,2024,1,3,bahrain grand prix,2024-03-02,kaggle_races,2026-05-15 08:49:13
1103,1122,2024,2,77,saudi arabian grand prix,2024-03-09,kaggle_races,2026-05-15 08:49:13
1104,1123,2024,3,1,australian grand prix,2024-03-24,kaggle_races,2026-05-15 08:49:13
1105,1124,2024,4,22,japanese grand prix,2024-04-07,kaggle_races,2026-05-15 08:49:13
1106,1125,2024,5,17,chinese grand prix,2024-04-21,kaggle_races,2026-05-15 08:49:13
1107,1126,2024,6,79,miami grand prix,2024-05-05,kaggle_races,2026-05-15 08:49:13
1108,1127,2024,7,21,emilia romagna grand prix,2024-05-19,kaggle_races,2026-05-15 08:49:13
1109,1128,2024,8,6,monaco grand prix,2024-05-26,kaggle_races,2026-05-15 08:49:13
1110,1129,2024,9,7,canadian grand prix,2024-06-09,kaggle_races,2026-05-15 08:49:13
1111,1130,2024,10,4,spanish grand prix,2024-06-23,kaggle_races,2026-05-15 08:49:13
1112,1131,2024,11,70,austrian grand prix,2024-06-30,kaggle_races,2026-05-15 08:49:13
1113,1132,2024,12,9,british grand prix,2024-07-07,kaggle_races,2026-05-15 08:49:13
1114,1133,2024,13,11,hungarian grand prix,2024-07-21,kaggle_races,2026-05-15 08:49:13
1115,1134,2024,14,13,belgian grand prix,2024-07-28,kaggle_races,2026-05-15 08:49:13
1116,1135,2024,15,39,dutch grand prix,2024-08-25,kaggle_races,2026-05-15 08:49:13
1117,1136,2024,16,14,italian grand prix,2024-09-01,kaggle_races,2026-05-15 08:49:13
1118,1137,2024,17,73,azerbaijan grand prix,2024-09-15,kaggle_races,2026-05-15 08:49:13
1119,1138,2024,18,15,singapore grand prix,2024-09-22,kaggle_races,2026-05-15 08:49:13
1120,1139,2024,19,69,united states grand prix,2024-10-20,kaggle_races,2026-05-15 08:49:13
1121,1140,2024,20,32,mexico city grand prix,2024-10-27,kaggle_races,2026-05-15 08:49:13
1122,1141,2024,21,18,sao paulo grand prix,2024-11-03,kaggle_races,2026-05-15 08:49:13
1123,1142,2024,22,80,las vegas grand prix,2024-11-23,kaggle_races,2026-05-15 08:49:13
1124,1143,2024,23,78,qatar grand prix,2024-12-01,kaggle_races,2026-05-15 08:49:13
1125,1144,2024,24,24,abu dhabi grand prix,2024-12-08,kaggle_races,2026-05-15 08:49:13
