sk_tiempo,fecha,anio,trimestre,mes,semana,dia,dia_semana,es_festivo
1,2009-03-29,2009,1,3,13,29,Sunday,0
2,2009-04-05,2009,2,4,14,5,Sunday,0
3,2009-04-19,2009,2,4,16,19,Sunday,0
4,2009-04-26,2009,2,4,17,26,Sunday,0
5,2009-05-10,2009,2,5,19,10,Sunday,0
6,2009-05-24,2009,2,5,21,24,Sunday,0
7,2009-06-07,2009,2,6,23,7,Sunday,0
8,2009-06-21,2009,2,6,25,21,Sunday,0
9,2009-07-12,2009,3,7,28,12,Sunday,0
10,2009-07-26,2009,3,7,30,26,Sunday,0
11,2009-08-23,2009,3,8,34,23,Sunday,0
12,2009-08-30,2009,3,8,35,30,Sunday,0
13,2009-09-13,2009,3,9,37,13,Sunday,0
14,2009-09-27,2009,3,9,39,27,Sunday,0
15,2009-10-04,2009,4,10,40,4,Sunday,0
16,2009-10-18,2009,4,10,42,18,Sunday,0
17,2009-11-01,2009,4,11,44,1,Sunday,0
18,2008-03-16,2008,1,3,11,16,Sunday,0
19,2008-03-23,2008,1,3,12,23,Sunday,0
20,2008-04-06,2008,2,4,14,6,Sunday,0
21,2008-04-27,2008,2,4,17,27,Sunday,0
22,2008-05-11,2008,2,5,19,11,Sunday,0
23,2008-05-25,2008,2,5,21,25,Sunday,0
24,2008-06-08,2008,2,6,23,8,Sunday,0
25,2008-06-22,2008,2,6,25,22,Sunday,0
26,2008-07-06,2008,3,7,27,6,Sunday,0
27,2008-07-20,2008,3,7,29,20,Sunday,0
28,2008-08-03,2008,3,8,31,3,Sunday,0
29,2008-08-24,2008,3,8,34,24,Sunday,0
30,2008-09-07,2008,3,9,36,7,Sunday,0
31,2008-09-14,2008,3,9,37,14,Sunday,0
32,2008-09-28,2008,3,9,39,28,Sunday,0
33,2008-10-12,2008,4,10,41,12,Sunday,0
34,2008-10-19,2008,4,10,42,19,Sunday,0
35,2008-11-02,2008,4,11,44,2,Sunday,0
36,2007-03-18,2007,1,3,11,18,Sunday,0
37,2007-04-08,2007,2,4,14,8,Sunday,0
38,2007-04-15,2007,2,4,15,15,Sunday,0
39,2007-05-13,2007,2,5,19,13,Sunday,0
40,2007-05-27,2007,2,5,21,27,Sunday,0
41,2007-06-10,2007,2,6,23,10,Sunday,0
42,2007-06-17,2007,2,6,24,17,Sunday,0
43,2007-07-01,2007,3,7,26,1,Sunday,0
44,2007-07-08,2007,3,7,27,8,Sunday,0
45,2007-07-22,2007,3,7,29,22,Sunday,0
46,2007-08-05,2007,3,8,31,5,Sunday,0
47,2007-08-26,2007,3,8,34,26,Sunday,0
48,2007-09-09,2007,3,9,36,9,Sunday,0
49,2007-09-16,2007,3,9,37,16,Sunday,0
50,2007-09-30,2007,3,9,39,30,Sunday,0
51,2007-10-07,2007,4,10,40,7,Sunday,0
52,2007-10-21,2007,4,10,42,21,Sunday,0
53,2006-03-12,2006,1,3,10,12,Sunday,0
54,2006-03-19,2006,1,3,11,19,Sunday,0
55,2006-04-02,2006,2,4,13,2,Sunday,0
56,2006-04-23,2006,2,4,16,23,Sunday,0
57,2006-05-07,2006,2,5,18,7,Sunday,0
58,2006-05-14,2006,2,5,19,14,Sunday,0
59,2006-05-28,2006,2,5,21,28,Sunday,0
60,2006-06-11,2006,2,6,23,11,Sunday,0
61,2006-06-25,2006,2,6,25,25,Sunday,0
62,2006-07-02,2006,3,7,26,2,Sunday,0
63,2006-07-16,2006,3,7,28,16,Sunday,0
64,2006-07-30,2006,3,7,30,30,Sunday,0
65,2006-08-06,2006,3,8,31,6,Sunday,0
66,2006-08-27,2006,3,8,34,27,Sunday,0
67,2006-09-10,2006,3,9,36,10,Sunday,0
68,2006-10-01,2006,4,10,39,1,Sunday,0
69,2006-10-08,2006,4,10,40,8,Sunday,0
70,2006-10-22,2006,4,10,42,22,Sunday,0
71,2005-03-06,2005,1,3,9,6,Sunday,0
72,2005-03-20,2005,1,3,11,20,Sunday,0
73,2005-04-03,2005,2,4,13,3,Sunday,0
74,2005-04-24,2005,2,4,16,24,Sunday,0
75,2005-05-08,2005,2,5,18,8,Sunday,0
76,2005-05-22,2005,2,5,20,22,Sunday,0
77,2005-05-29,2005,2,5,21,29,Sunday,0
78,2005-06-12,2005,2,6,23,12,Sunday,0
79,2005-06-19,2005,2,6,24,19,Sunday,0
80,2005-07-03,2005,3,7,26,3,Sunday,0
81,2005-07-10,2005,3,7,27,10,Sunday,0
82,2005-07-24,2005,3,7,29,24,Sunday,0
83,2005-07-31,2005,3,7,30,31,Sunday,0
84,2005-08-21,2005,3,8,33,21,Sunday,0
85,2005-09-04,2005,3,9,35,4,Sunday,0
86,2005-09-11,2005,3,9,36,11,Sunday,0
87,2005-09-25,2005,3,9,38,25,Sunday,0
88,2005-10-09,2005,4,10,40,9,Sunday,0
89,2005-10-16,2005,4,10,41,16,Sunday,0
90,2004-03-07,2004,1,3,10,7,Sunday,0
91,2004-03-21,2004,1,3,12,21,Sunday,0
92,2004-04-04,2004,2,4,14,4,Sunday,0
93,2004-04-25,2004,2,4,17,25,Sunday,0
94,2004-05-09,2004,2,5,19,9,Sunday,0
95,2004-05-23,2004,2,5,21,23,Sunday,0
96,2004-05-30,2004,2,5,22,30,Sunday,0
97,2004-06-13,2004,2,6,24,13,Sunday,0
98,2004-06-20,2004,2,6,25,20,Sunday,0
99,2004-07-04,2004,3,7,27,4,Sunday,0
100,2004-07-11,2004,3,7,28,11,Sunday,0
101,2004-07-25,2004,3,7,30,25,Sunday,0
102,2004-08-15,2004,3,8,33,15,Sunday,0
103,2004-08-29,2004,3,8,35,29,Sunday,0
104,2004-09-12,2004,3,9,37,12,Sunday,0
105,2004-09-26,2004,3,9,39,26,Sunday,0
106,2004-10-10,2004,4,10,41,10,Sunday,0
107,2004-10-24,2004,4,10,43,24,Sunday,0
108,2003-03-09,2003,1,3,10,9,Sunday,0
109,2003-03-23,2003,1,3,12,23,Sunday,0
110,2003-04-06,2003,2,4,14,6,Sunday,0
111,2003-04-20,2003,2,4,16,20,Sunday,0
112,2003-05-04,2003,2,5,18,4,Sunday,0
113,2003-05-18,2003,2,5,20,18,Sunday,0
114,2003-06-01,2003,2,6,22,1,Sunday,0
115,2003-06-15,2003,2,6,24,15,Sunday,0
116,2003-06-29,2003,2,6,26,29,Sunday,0
117,2003-07-06,2003,3,7,27,6,Sunday,0
118,2003-07-20,2003,3,7,29,20,Sunday,0
119,2003-08-03,2003,3,8,31,3,Sunday,0
120,2003-08-24,2003,3,8,34,24,Sunday,0
121,2003-09-14,2003,3,9,37,14,Sunday,0
122,2003-09-28,2003,3,9,39,28,Sunday,0
123,2003-10-12,2003,4,10,41,12,Sunday,0
124,2002-03-03,2002,1,3,9,3,Sunday,0
125,2002-03-17,2002,1,3,11,17,Sunday,0
126,2002-03-31,2002,1,3,13,31,Sunday,0
127,2002-04-14,2002,2,4,15,14,Sunday,0
128,2002-04-28,2002,2,4,17,28,Sunday,0
129,2002-05-12,2002,2,5,19,12,Sunday,0
130,2002-05-26,2002,2,5,21,26,Sunday,0
131,2002-06-09,2002,2,6,23,9,Sunday,0
132,2002-06-23,2002,2,6,25,23,Sunday,0
133,2002-07-07,2002,3,7,27,7,Sunday,0
134,2002-07-21,2002,3,7,29,21,Sunday,0
135,2002-07-28,2002,3,7,30,28,Sunday,0
136,2002-08-18,2002,3,8,33,18,Sunday,0
137,2002-09-01,2002,3,9,35,1,Sunday,0
138,2002-09-15,2002,3,9,37,15,Sunday,0
139,2002-09-29,2002,3,9,39,29,Sunday,0
140,2002-10-13,2002,4,10,41,13,Sunday,0
141,2001-03-04,2001,1,3,9,4,Sunday,0
142,2001-03-18,2001,1,3,11,18,Sunday,0
143,2001-04-01,2001,2,4,13,1,Sunday,0
144,2001-04-15,2001,2,4,15,15,Sunday,0
145,2001-04-29,2001,2,4,17,29,Sunday,0
146,2001-05-13,2001,2,5,19,13,Sunday,0
147,2001-05-27,2001,2,5,21,27,Sunday,0
148,2001-06-10,2001,2,6,23,10,Sunday,0
149,2001-06-24,2001,2,6,25,24,Sunday,0
150,2001-07-01,2001,3,7,26,1,Sunday,0
151,2001-07-15,2001,3,7,28,15,Sunday,0
152,2001-07-29,2001,3,7,30,29,Sunday,0
153,2001-08-19,2001,3,8,33,19,Sunday,0
154,2001-09-02,2001,3,9,35,2,Sunday,0
155,2001-09-16,2001,3,9,37,16,Sunday,0
156,2001-09-30,2001,3,9,39,30,Sunday,0
157,2001-10-14,2001,4,10,41,14,Sunday,0
158,2000-03-12,2000,1,3,10,12,Sunday,0
159,2000-03-26,2000,1,3,12,26,Sunday,0
160,2000-04-09,2000,2,4,14,9,Sunday,0
161,2000-04-23,2000,2,4,16,23,Sunday,0
162,2000-05-07,2000,2,5,18,7,Sunday,0
163,2000-05-21,2000,2,5,20,21,Sunday,0
164,2000-06-04,2000,2,6,22,4,Sunday,0
165,2000-06-18,2000,2,6,24,18,Sunday,0
166,2000-07-02,2000,3,7,26,2,Sunday,0
167,2000-07-16,2000,3,7,28,16,Sunday,0
168,2000-07-30,2000,3,7,30,30,Sunday,0
169,2000-08-13,2000,3,8,32,13,Sunday,0
170,2000-08-27,2000,3,8,34,27,Sunday,0
171,2000-09-10,2000,3,9,36,10,Sunday,0
172,2000-09-24,2000,3,9,38,24,Sunday,0
173,2000-10-08,2000,4,10,40,8,Sunday,0
174,2000-10-22,2000,4,10,42,22,Sunday,0
175,1999-03-07,1999,1,3,9,7,Sunday,0
176,1999-04-11,1999,2,4,14,11,Sunday,0
177,1999-05-02,1999,2,5,17,2,Sunday,0
178,1999-05-16,1999,2,5,19,16,Sunday,0
179,1999-05-30,1999,2,5,21,30,Sunday,0
180,1999-06-13,1999,2,6,23,13,Sunday,0
181,1999-06-27,1999,2,6,25,27,Sunday,0
182,1999-07-11,1999,3,7,27,11,Sunday,0
183,1999-07-25,1999,3,7,29,25,Sunday,0
184,1999-08-01,1999,3,8,30,1,Sunday,0
185,1999-08-15,1999,3,8,32,15,Sunday,0
186,1999-08-29,1999,3,8,34,29,Sunday,0
187,1999-09-12,1999,3,9,36,12,Sunday,0
188,1999-09-26,1999,3,9,38,26,Sunday,0
189,1999-10-17,1999,4,10,41,17,Sunday,0
190,1999-10-31,1999,4,10,43,31,Sunday,0
191,1998-03-08,1998,1,3,10,8,Sunday,0
192,1998-03-29,1998,1,3,13,29,Sunday,0
193,1998-04-12,1998,2,4,15,12,Sunday,0
194,1998-04-26,1998,2,4,17,26,Sunday,0
195,1998-05-10,1998,2,5,19,10,Sunday,0
196,1998-05-24,1998,2,5,21,24,Sunday,0
197,1998-06-07,1998,2,6,23,7,Sunday,0
198,1998-06-28,1998,2,6,26,28,Sunday,0
199,1998-07-12,1998,3,7,28,12,Sunday,0
200,1998-07-26,1998,3,7,30,26,Sunday,0
201,1998-08-02,1998,3,8,31,2,Sunday,0
202,1998-08-16,1998,3,8,33,16,Sunday,0
203,1998-08-30,1998,3,8,35,30,Sunday,0
204,1998-09-13,1998,3,9,37,13,Sunday,0
205,1998-09-27,1998,3,9,39,27,Sunday,0
206,1998-11-01,1998,4,11,44,1,Sunday,0
207,1997-03-09,1997,1,3,10,9,Sunday,0
208,1997-03-30,1997,1,3,13,30,Sunday,0
209,1997-04-13,1997,2,4,15,13,Sunday,0
210,1997-04-27,1997,2,4,17,27,Sunday,0
211,1997-05-11,1997,2,5,19,11,Sunday,0
212,1997-05-25,1997,2,5,21,25,Sunday,0
213,1997-06-15,1997,2,6,24,15,Sunday,0
214,1997-06-29,1997,2,6,26,29,Sunday,0
215,1997-07-13,1997,3,7,28,13,Sunday,0
216,1997-07-27,1997,3,7,30,27,Sunday,0
217,1997-08-10,1997,3,8,32,10,Sunday,0
218,1997-08-24,1997,3,8,34,24,Sunday,0
219,1997-09-07,1997,3,9,36,7,Sunday,0
220,1997-09-21,1997,3,9,38,21,Sunday,0
221,1997-09-28,1997,3,9,39,28,Sunday,0
222,1997-10-12,1997,4,10,41,12,Sunday,0
223,1997-10-26,1997,4,10,43,26,Sunday,0
224,1996-03-10,1996,1,3,10,10,Sunday,0
225,1996-03-31,1996,1,3,13,31,Sunday,0
226,1996-04-07,1996,2,4,14,7,Sunday,0
227,1996-04-28,1996,2,4,17,28,Sunday,0
228,1996-05-05,1996,2,5,18,5,Sunday,0
229,1996-05-19,1996,2,5,20,19,Sunday,0
230,1996-06-02,1996,2,6,22,2,Sunday,0
231,1996-06-16,1996,2,6,24,16,Sunday,0
232,1996-06-30,1996,2,6,26,30,Sunday,0
233,1996-07-14,1996,3,7,28,14,Sunday,0
234,1996-07-28,1996,3,7,30,28,Sunday,0
235,1996-08-11,1996,3,8,32,11,Sunday,0
236,1996-08-25,1996,3,8,34,25,Sunday,0
237,1996-09-08,1996,3,9,36,8,Sunday,0
238,1996-09-22,1996,3,9,38,22,Sunday,0
239,1996-10-13,1996,4,10,41,13,Sunday,0
240,1995-03-26,1995,1,3,12,26,Sunday,0
241,1995-04-09,1995,2,4,14,9,Sunday,0
242,1995-04-30,1995,2,4,17,30,Sunday,0
243,1995-05-14,1995,2,5,19,14,Sunday,0
244,1995-05-28,1995,2,5,21,28,Sunday,0
245,1995-06-11,1995,2,6,23,11,Sunday,0
246,1995-07-02,1995,3,7,26,2,Sunday,0
247,1995-07-16,1995,3,7,28,16,Sunday,0
248,1995-07-30,1995,3,7,30,30,Sunday,0
249,1995-08-13,1995,3,8,32,13,Sunday,0
250,1995-08-27,1995,3,8,34,27,Sunday,0
251,1995-09-10,1995,3,9,36,10,Sunday,0
252,1995-09-24,1995,3,9,38,24,Sunday,0
253,1995-10-01,1995,4,10,39,1,Sunday,0
254,1995-10-22,1995,4,10,42,22,Sunday,0
255,1995-10-29,1995,4,10,43,29,Sunday,0
256,1995-11-12,1995,4,11,45,12,Sunday,0
257,1994-03-27,1994,1,3,12,27,Sunday,0
258,1994-04-17,1994,2,4,15,17,Sunday,0
259,1994-05-01,1994,2,5,17,1,Sunday,0
260,1994-05-15,1994,2,5,19,15,Sunday,0
261,1994-05-29,1994,2,5,21,29,Sunday,0
262,1994-06-12,1994,2,6,23,12,Sunday,0
263,1994-07-03,1994,3,7,26,3,Sunday,0
264,1994-07-10,1994,3,7,27,10,Sunday,0
265,1994-07-31,1994,3,7,30,31,Sunday,0
266,1994-08-14,1994,3,8,32,14,Sunday,0
267,1994-08-28,1994,3,8,34,28,Sunday,0
268,1994-09-11,1994,3,9,36,11,Sunday,0
269,1994-09-25,1994,3,9,38,25,Sunday,0
270,1994-10-16,1994,4,10,41,16,Sunday,0
271,1994-11-06,1994,4,11,44,6,Sunday,0
272,1994-11-13,1994,4,11,45,13,Sunday,0
273,1993-03-14,1993,1,3,10,14,Sunday,0
274,1993-03-28,1993,1,3,12,28,Sunday,0
275,1993-04-11,1993,2,4,14,11,Sunday,0
276,1993-04-25,1993,2,4,16,25,Sunday,0
277,1993-05-09,1993,2,5,18,9,Sunday,0
278,1993-05-23,1993,2,5,20,23,Sunday,0
279,1993-06-13,1993,2,6,23,13,Sunday,0
280,1993-07-04,1993,3,7,26,4,Sunday,0
281,1993-07-11,1993,3,7,27,11,Sunday,0
282,1993-07-25,1993,3,7,29,25,Sunday,0
283,1993-08-15,1993,3,8,32,15,Sunday,0
284,1993-08-29,1993,3,8,34,29,Sunday,0
285,1993-09-12,1993,3,9,36,12,Sunday,0
286,1993-09-26,1993,3,9,38,26,Sunday,0
287,1993-10-24,1993,4,10,42,24,Sunday,0
288,1993-11-07,1993,4,11,44,7,Sunday,0
289,1992-03-01,1992,1,3,9,1,Sunday,0
290,1992-03-22,1992,1,3,12,22,Sunday,0
291,1992-04-05,1992,2,4,14,5,Sunday,0
292,1992-05-03,1992,2,5,18,3,Sunday,0
293,1992-05-17,1992,2,5,20,17,Sunday,0
294,1992-05-31,1992,2,5,22,31,Sunday,0
295,1992-06-14,1992,2,6,24,14,Sunday,0
296,1992-07-05,1992,3,7,27,5,Sunday,0
297,1992-07-12,1992,3,7,28,12,Sunday,0
298,1992-07-26,1992,3,7,30,26,Sunday,0
299,1992-08-16,1992,3,8,33,16,Sunday,0
300,1992-08-30,1992,3,8,35,30,Sunday,0
301,1992-09-13,1992,3,9,37,13,Sunday,0
302,1992-09-27,1992,3,9,39,27,Sunday,0
303,1992-10-25,1992,4,10,43,25,Sunday,0
304,1992-11-08,1992,4,11,45,8,Sunday,0
305,1991-03-10,1991,1,3,10,10,Sunday,0
306,1991-03-24,1991,1,3,12,24,Sunday,0
307,1991-04-28,1991,2,4,17,28,Sunday,0
308,1991-05-12,1991,2,5,19,12,Sunday,0
309,1991-06-02,1991,2,6,22,2,Sunday,0
310,1991-06-16,1991,2,6,24,16,Sunday,0
311,1991-07-07,1991,3,7,27,7,Sunday,0
312,1991-07-14,1991,3,7,28,14,Sunday,0
313,1991-07-28,1991,3,7,30,28,Sunday,0
314,1991-08-11,1991,3,8,32,11,Sunday,0
315,1991-08-25,1991,3,8,34,25,Sunday,0
316,1991-09-08,1991,3,9,36,8,Sunday,0
317,1991-09-22,1991,3,9,38,22,Sunday,0
318,1991-09-29,1991,3,9,39,29,Sunday,0
319,1991-10-20,1991,4,10,42,20,Sunday,0
320,1991-11-03,1991,4,11,44,3,Sunday,0
321,1990-03-11,1990,1,3,10,11,Sunday,0
322,1990-03-25,1990,1,3,12,25,Sunday,0
323,1990-05-13,1990,2,5,19,13,Sunday,0
324,1990-05-27,1990,2,5,21,27,Sunday,0
325,1990-06-10,1990,2,6,23,10,Sunday,0
326,1990-06-24,1990,2,6,25,24,Sunday,0
327,1990-07-08,1990,3,7,27,8,Sunday,0
328,1990-07-15,1990,3,7,28,15,Sunday,0
329,1990-07-29,1990,3,7,30,29,Sunday,0
330,1990-08-12,1990,3,8,32,12,Sunday,0
331,1990-08-26,1990,3,8,34,26,Sunday,0
332,1990-09-09,1990,3,9,36,9,Sunday,0
333,1990-09-23,1990,3,9,38,23,Sunday,0
334,1990-09-30,1990,3,9,39,30,Sunday,0
335,1990-10-21,1990,4,10,42,21,Sunday,0
336,1990-11-04,1990,4,11,44,4,Sunday,0
337,2010-03-14,2010,1,3,10,14,Sunday,0
338,2010-03-28,2010,1,3,12,28,Sunday,0
339,2010-04-04,2010,2,4,13,4,Sunday,0
340,2010-04-18,2010,2,4,15,18,Sunday,0
341,2010-05-09,2010,2,5,18,9,Sunday,0
342,2010-05-16,2010,2,5,19,16,Sunday,0
343,2010-05-30,2010,2,5,21,30,Sunday,0
344,2010-06-13,2010,2,6,23,13,Sunday,0
345,2010-06-27,2010,2,6,25,27,Sunday,0
346,2010-07-11,2010,3,7,27,11,Sunday,0
347,2010-07-25,2010,3,7,29,25,Sunday,0
348,2010-08-01,2010,3,8,30,1,Sunday,0
349,2010-08-29,2010,3,8,34,29,Sunday,0
350,2010-09-12,2010,3,9,36,12,Sunday,0
351,2010-09-26,2010,3,9,38,26,Sunday,0
352,2010-10-10,2010,4,10,40,10,Sunday,0
353,2010-10-24,2010,4,10,42,24,Sunday,0
354,2010-11-07,2010,4,11,44,7,Sunday,0
355,2010-11-14,2010,4,11,45,14,Sunday,0
356,1989-03-26,1989,1,3,12,26,Sunday,0
357,1989-04-23,1989,2,4,16,23,Sunday,0
358,1989-05-07,1989,2,5,18,7,Sunday,0
359,1989-05-28,1989,2,5,21,28,Sunday,0
360,1989-06-04,1989,2,6,22,4,Sunday,0
361,1989-06-18,1989,2,6,24,18,Sunday,0
362,1989-07-09,1989,3,7,27,9,Sunday,0
363,1989-07-16,1989,3,7,28,16,Sunday,0
364,1989-07-30,1989,3,7,30,30,Sunday,0
365,1989-08-13,1989,3,8,32,13,Sunday,0
366,1989-08-27,1989,3,8,34,27,Sunday,0
367,1989-09-10,1989,3,9,36,10,Sunday,0
368,1989-09-24,1989,3,9,38,24,Sunday,0
369,1989-10-01,1989,4,10,39,1,Sunday,0
370,1989-10-22,1989,4,10,42,22,Sunday,0
371,1989-11-05,1989,4,11,44,5,Sunday,0
372,1988-04-03,1988,2,4,13,3,Sunday,0
373,1988-05-01,1988,2,5,17,1,Sunday,0
374,1988-05-15,1988,2,5,19,15,Sunday,0
375,1988-05-29,1988,2,5,21,29,Sunday,0
376,1988-06-12,1988,2,6,23,12,Sunday,0
377,1988-06-19,1988,2,6,24,19,Sunday,0
378,1988-07-03,1988,3,7,26,3,Sunday,0
379,1988-07-10,1988,3,7,27,10,Sunday,0
380,1988-07-24,1988,3,7,29,24,Sunday,0
381,1988-08-07,1988,3,8,31,7,Sunday,0
382,1988-08-28,1988,3,8,34,28,Sunday,0
383,1988-09-11,1988,3,9,36,11,Sunday,0
384,1988-09-25,1988,3,9,38,25,Sunday,0
385,1988-10-02,1988,4,10,39,2,Sunday,0
386,1988-10-30,1988,4,10,43,30,Sunday,0
387,1988-11-13,1988,4,11,45,13,Sunday,0
388,1987-04-12,1987,2,4,15,12,Sunday,0
389,1987-05-03,1987,2,5,18,3,Sunday,0
390,1987-05-17,1987,2,5,20,17,Sunday,0
391,1987-05-31,1987,2,5,22,31,Sunday,0
392,1987-06-21,1987,2,6,25,21,Sunday,0
393,1987-07-05,1987,3,7,27,5,Sunday,0
394,1987-07-12,1987,3,7,28,12,Sunday,0
395,1987-07-26,1987,3,7,30,26,Sunday,0
396,1987-08-09,1987,3,8,32,9,Sunday,0
397,1987-08-16,1987,3,8,33,16,Sunday,0
398,1987-09-06,1987,3,9,36,6,Sunday,0
399,1987-09-20,1987,3,9,38,20,Sunday,0
400,1987-09-27,1987,3,9,39,27,Sunday,0
401,1987-10-18,1987,4,10,42,18,Sunday,0
402,1987-11-01,1987,4,11,44,1,Sunday,0
403,1987-11-15,1987,4,11,46,15,Sunday,0
404,1986-03-23,1986,1,3,12,23,Sunday,0
405,1986-04-13,1986,2,4,15,13,Sunday,0
406,1986-04-27,1986,2,4,17,27,Sunday,0
407,1986-05-11,1986,2,5,19,11,Sunday,0
408,1986-05-25,1986,2,5,21,25,Sunday,0
409,1986-06-15,1986,2,6,24,15,Sunday,0
410,1986-06-22,1986,2,6,25,22,Sunday,0
411,1986-07-06,1986,3,7,27,6,Sunday,0
412,1986-07-13,1986,3,7,28,13,Sunday,0
413,1986-07-27,1986,3,7,30,27,Sunday,0
414,1986-08-10,1986,3,8,32,10,Sunday,0
415,1986-08-17,1986,3,8,33,17,Sunday,0
416,1986-09-07,1986,3,9,36,7,Sunday,0
417,1986-09-21,1986,3,9,38,21,Sunday,0
418,1986-10-12,1986,4,10,41,12,Sunday,0
419,1986-10-26,1986,4,10,43,26,Sunday,0
420,1985-04-07,1985,2,4,14,7,Sunday,0
421,1985-04-21,1985,2,4,16,21,Sunday,0
422,1985-05-05,1985,2,5,18,5,Sunday,0
423,1985-05-19,1985,2,5,20,19,Sunday,0
424,1985-06-16,1985,2,6,24,16,Sunday,0
425,1985-06-23,1985,2,6,25,23,Sunday,0
426,1985-07-07,1985,3,7,27,7,Sunday,0
427,1985-07-21,1985,3,7,29,21,Sunday,0
428,1985-08-04,1985,3,8,31,4,Sunday,0
429,1985-08-18,1985,3,8,33,18,Sunday,0
430,1985-08-25,1985,3,8,34,25,Sunday,0
431,1985-09-08,1985,3,9,36,8,Sunday,0
432,1985-09-15,1985,3,9,37,15,Sunday,0
433,1985-10-06,1985,4,10,40,6,Sunday,0
434,1985-10-19,1985,4,10,42,19,Saturday,0
435,1985-11-03,1985,4,11,44,3,Sunday,0
436,1984-03-25,1984,1,3,12,25,Sunday,0
437,1984-04-07,1984,2,4,14,7,Saturday,0
438,1984-04-29,1984,2,4,17,29,Sunday,0
439,1984-05-06,1984,2,5,18,6,Sunday,0
440,1984-05-20,1984,2,5,20,20,Sunday,0
441,1984-06-03,1984,2,6,22,3,Sunday,0
442,1984-06-17,1984,2,6,24,17,Sunday,0
443,1984-06-24,1984,2,6,25,24,Sunday,0
444,1984-07-08,1984,3,7,27,8,Sunday,0
445,1984-07-22,1984,3,7,29,22,Sunday,0
446,1984-08-05,1984,3,8,31,5,Sunday,0
447,1984-08-19,1984,3,8,33,19,Sunday,0
448,1984-08-26,1984,3,8,34,26,Sunday,0
449,1984-09-09,1984,3,9,36,9,Sunday,0
450,1984-10-07,1984,4,10,40,7,Sunday,0
451,1984-10-21,1984,4,10,42,21,Sunday,0
452,1983-03-13,1983,1,3,10,13,Sunday,0
453,1983-03-27,1983,1,3,12,27,Sunday,0
454,1983-04-17,1983,2,4,15,17,Sunday,0
455,1983-05-01,1983,2,5,17,1,Sunday,0
456,1983-05-15,1983,2,5,19,15,Sunday,0
457,1983-05-22,1983,2,5,20,22,Sunday,0
458,1983-06-05,1983,2,6,22,5,Sunday,0
459,1983-06-12,1983,2,6,23,12,Sunday,0
460,1983-07-16,1983,3,7,28,16,Saturday,0
461,1983-08-07,1983,3,8,31,7,Sunday,0
462,1983-08-14,1983,3,8,32,14,Sunday,0
463,1983-08-28,1983,3,8,34,28,Sunday,0
464,1983-09-11,1983,3,9,36,11,Sunday,0
465,1983-09-25,1983,3,9,38,25,Sunday,0
466,1983-10-15,1983,4,10,41,15,Saturday,0
467,1982-01-23,1982,1,1,3,23,Saturday,0
468,1982-03-21,1982,1,3,11,21,Sunday,0
469,1982-04-04,1982,2,4,13,4,Sunday,0
470,1982-04-25,1982,2,4,16,25,Sunday,0
471,1982-05-09,1982,2,5,18,9,Sunday,0
472,1982-05-23,1982,2,5,20,23,Sunday,0
473,1982-06-06,1982,2,6,22,6,Sunday,0
474,1982-06-13,1982,2,6,23,13,Sunday,0
475,1982-07-03,1982,3,7,26,3,Saturday,0
476,1982-07-18,1982,3,7,28,18,Sunday,0
477,1982-07-25,1982,3,7,29,25,Sunday,0
478,1982-08-08,1982,3,8,31,8,Sunday,0
479,1982-08-15,1982,3,8,32,15,Sunday,0
480,1982-08-29,1982,3,8,34,29,Sunday,0
481,1982-09-12,1982,3,9,36,12,Sunday,0
482,1982-09-25,1982,3,9,38,25,Saturday,0
483,1981-03-15,1981,1,3,11,15,Sunday,0
484,1981-03-29,1981,1,3,13,29,Sunday,0
485,1981-04-12,1981,2,4,15,12,Sunday,0
486,1981-05-03,1981,2,5,18,3,Sunday,0
487,1981-05-17,1981,2,5,20,17,Sunday,0
488,1981-05-31,1981,2,5,22,31,Sunday,0
489,1981-06-21,1981,2,6,25,21,Sunday,0
490,1981-07-05,1981,3,7,27,5,Sunday,0
491,1981-07-18,1981,3,7,29,18,Saturday,0
492,1981-08-02,1981,3,8,31,2,Sunday,0
493,1981-08-16,1981,3,8,33,16,Sunday,0
494,1981-08-30,1981,3,8,35,30,Sunday,0
495,1981-09-13,1981,3,9,37,13,Sunday,0
496,1981-09-27,1981,3,9,39,27,Sunday,0
497,1981-10-17,1981,4,10,42,17,Saturday,0
498,1980-01-13,1980,1,1,2,13,Sunday,0
499,1980-01-27,1980,1,1,4,27,Sunday,0
500,1980-03-01,1980,1,3,9,1,Saturday,0
501,1980-03-30,1980,1,3,13,30,Sunday,0
502,1980-05-04,1980,2,5,18,4,Sunday,0
503,1980-05-18,1980,2,5,20,18,Sunday,0
504,1980-06-29,1980,2,6,26,29,Sunday,0
505,1980-07-13,1980,3,7,28,13,Sunday,0
506,1980-08-10,1980,3,8,32,10,Sunday,0
507,1980-08-17,1980,3,8,33,17,Sunday,0
508,1980-08-31,1980,3,8,35,31,Sunday,0
509,1980-09-14,1980,3,9,37,14,Sunday,0
510,1980-09-28,1980,3,9,39,28,Sunday,0
511,1980-10-05,1980,4,10,40,5,Sunday,0
512,1979-01-21,1979,1,1,3,21,Sunday,0
513,1979-02-04,1979,1,2,5,4,Sunday,0
514,1979-03-03,1979,1,3,9,3,Saturday,0
515,1979-04-08,1979,2,4,14,8,Sunday,0
516,1979-04-29,1979,2,4,17,29,Sunday,0
517,1979-05-13,1979,2,5,19,13,Sunday,0
518,1979-05-27,1979,2,5,21,27,Sunday,0
519,1979-07-01,1979,3,7,26,1,Sunday,0
520,1979-07-14,1979,3,7,28,14,Saturday,0
521,1979-07-29,1979,3,7,30,29,Sunday,0
522,1979-08-12,1979,3,8,32,12,Sunday,0
523,1979-08-26,1979,3,8,34,26,Sunday,0
524,1979-09-09,1979,3,9,36,9,Sunday,0
525,1979-09-30,1979,3,9,39,30,Sunday,0
526,1979-10-07,1979,4,10,40,7,Sunday,0
527,1978-01-15,1978,1,1,2,15,Sunday,0
528,1978-01-29,1978,1,1,4,29,Sunday,0
529,1978-03-04,1978,1,3,9,4,Saturday,0
530,1978-04-02,1978,2,4,13,2,Sunday,0
531,1978-05-07,1978,2,5,18,7,Sunday,0
532,1978-05-21,1978,2,5,20,21,Sunday,0
533,1978-06-04,1978,2,6,22,4,Sunday,0
534,1978-06-17,1978,2,6,24,17,Saturday,0
535,1978-07-02,1978,3,7,26,2,Sunday,0
536,1978-07-16,1978,3,7,28,16,Sunday,0
537,1978-07-30,1978,3,7,30,30,Sunday,0
538,1978-08-13,1978,3,8,32,13,Sunday,0
539,1978-08-27,1978,3,8,34,27,Sunday,0
540,1978-09-10,1978,3,9,36,10,Sunday,0
541,1978-10-01,1978,4,10,39,1,Sunday,0
542,1978-10-08,1978,4,10,40,8,Sunday,0
543,1977-01-09,1977,1,1,1,9,Sunday,0
544,1977-01-23,1977,1,1,3,23,Sunday,0
545,1977-03-05,1977,1,3,9,5,Saturday,0
546,1977-04-03,1977,2,4,13,3,Sunday,0
547,1977-05-08,1977,2,5,18,8,Sunday,0
548,1977-05-22,1977,2,5,20,22,Sunday,0
549,1977-06-05,1977,2,6,22,5,Sunday,0
550,1977-06-19,1977,2,6,24,19,Sunday,0
551,1977-07-03,1977,3,7,26,3,Sunday,0
552,1977-07-16,1977,3,7,28,16,Saturday,0
553,1977-07-31,1977,3,7,30,31,Sunday,0
554,1977-08-14,1977,3,8,32,14,Sunday,0
555,1977-08-28,1977,3,8,34,28,Sunday,0
556,1977-09-11,1977,3,9,36,11,Sunday,0
557,1977-10-02,1977,4,10,39,2,Sunday,0
558,1977-10-09,1977,4,10,40,9,Sunday,0
559,1977-10-23,1977,4,10,42,23,Sunday,0
560,1976-01-25,1976,1,1,4,25,Sunday,0
561,1976-03-06,1976,1,3,10,6,Saturday,0
562,1976-03-28,1976,1,3,13,28,Sunday,0
563,1976-05-02,1976,2,5,18,2,Sunday,0
564,1976-05-16,1976,2,5,20,16,Sunday,0
565,1976-05-30,1976,2,5,22,30,Sunday,0
566,1976-06-13,1976,2,6,24,13,Sunday,0
567,1976-07-04,1976,3,7,27,4,Sunday,0
568,1976-07-18,1976,3,7,29,18,Sunday,0
569,1976-08-01,1976,3,8,31,1,Sunday,0
570,1976-08-15,1976,3,8,33,15,Sunday,0
571,1976-08-29,1976,3,8,35,29,Sunday,0
572,1976-09-12,1976,3,9,37,12,Sunday,0
573,1976-10-03,1976,4,10,40,3,Sunday,0
574,1976-10-10,1976,4,10,41,10,Sunday,0
575,1976-10-24,1976,4,10,43,24,Sunday,0
576,1975-01-12,1975,1,1,2,12,Sunday,0
577,1975-01-26,1975,1,1,4,26,Sunday,0
578,1975-03-01,1975,1,3,9,1,Saturday,0
579,1975-04-27,1975,2,4,17,27,Sunday,0
580,1975-05-11,1975,2,5,19,11,Sunday,0
581,1975-05-25,1975,2,5,21,25,Sunday,0
582,1975-06-08,1975,2,6,23,8,Sunday,0
583,1975-06-22,1975,2,6,25,22,Sunday,0
584,1975-07-06,1975,3,7,27,6,Sunday,0
585,1975-07-19,1975,3,7,29,19,Saturday,0
586,1975-08-03,1975,3,8,31,3,Sunday,0
587,1975-08-17,1975,3,8,33,17,Sunday,0
588,1975-09-07,1975,3,9,36,7,Sunday,0
589,1975-10-05,1975,4,10,40,5,Sunday,0
590,1974-01-13,1974,1,1,2,13,Sunday,0
591,1974-01-27,1974,1,1,4,27,Sunday,0
592,1974-03-30,1974,1,3,13,30,Saturday,0
593,1974-04-28,1974,2,4,17,28,Sunday,0
594,1974-05-12,1974,2,5,19,12,Sunday,0
595,1974-05-26,1974,2,5,21,26,Sunday,0
596,1974-06-09,1974,2,6,23,9,Sunday,0
597,1974-06-23,1974,2,6,25,23,Sunday,0
598,1974-07-07,1974,3,7,27,7,Sunday,0
599,1974-07-20,1974,3,7,29,20,Saturday,0
600,1974-08-04,1974,3,8,31,4,Sunday,0
601,1974-08-18,1974,3,8,33,18,Sunday,0
602,1974-09-08,1974,3,9,36,8,Sunday,0
603,1974-09-22,1974,3,9,38,22,Sunday,0
604,1974-10-06,1974,4,10,40,6,Sunday,0
605,1973-01-28,1973,1,1,4,28,Sunday,0
606,1973-02-11,1973,1,2,6,11,Sunday,0
607,1973-03-03,1973,1,3,9,3,Saturday,0
608,1973-04-29,1973,2,4,17,29,Sunday,0
609,1973-05-20,1973,2,5,20,20,Sunday,0
610,1973-06-03,1973,2,6,22,3,Sunday,0
611,1973-06-17,1973,2,6,24,17,Sunday,0
612,1973-07-01,1973,3,7,26,1,Sunday,0
613,1973-07-14,1973,3,7,28,14,Saturday,0
614,1973-07-29,1973,3,7,30,29,Sunday,0
615,1973-08-05,1973,3,8,31,5,Sunday,0
616,1973-08-19,1973,3,8,33,19,Sunday,0
617,1973-09-09,1973,3,9,36,9,Sunday,0
618,1973-09-23,1973,3,9,38,23,Sunday,0
619,1973-10-07,1973,4,10,40,7,Sunday,0
620,1972-01-23,1972,1,1,3,23,Sunday,0
621,1972-03-04,1972,1,3,9,4,Saturday,0
622,1972-05-01,1972,2,5,18,1,Monday,0
623,1972-05-14,1972,2,5,19,14,Sunday,0
624,1972-06-04,1972,2,6,22,4,Sunday,0
625,1972-07-02,1972,3,7,26,2,Sunday,0
626,1972-07-15,1972,3,7,28,15,Saturday,0
627,1972-07-30,1972,3,7,30,30,Sunday,0
628,1972-08-13,1972,3,8,32,13,Sunday,0
629,1972-09-10,1972,3,9,36,10,Sunday,0
630,1972-09-24,1972,3,9,38,24,Sunday,0
631,1972-10-08,1972,4,10,40,8,Sunday,0
632,1971-03-06,1971,1,3,9,6,Saturday,0
633,1971-04-18,1971,2,4,15,18,Sunday,0
634,1971-05-23,1971,2,5,20,23,Sunday,0
635,1971-06-20,1971,2,6,24,20,Sunday,0
636,1971-07-04,1971,3,7,26,4,Sunday,0
637,1971-07-17,1971,3,7,28,17,Saturday,0
638,1971-08-01,1971,3,8,30,1,Sunday,0
639,1971-08-15,1971,3,8,32,15,Sunday,0
640,1971-09-05,1971,3,9,35,5,Sunday,0
641,1971-09-19,1971,3,9,37,19,Sunday,0
642,1971-10-03,1971,4,10,39,3,Sunday,0
643,1970-03-07,1970,1,3,10,7,Saturday,0
644,1970-04-19,1970,2,4,16,19,Sunday,0
645,1970-05-10,1970,2,5,19,10,Sunday,0
646,1970-06-07,1970,2,6,23,7,Sunday,0
647,1970-06-21,1970,2,6,25,21,Sunday,0
648,1970-07-05,1970,3,7,27,5,Sunday,0
649,1970-07-18,1970,3,7,29,18,Saturday,0
650,1970-08-02,1970,3,8,31,2,Sunday,0
651,1970-08-16,1970,3,8,33,16,Sunday,0
652,1970-09-06,1970,3,9,36,6,Sunday,0
653,1970-09-20,1970,3,9,38,20,Sunday,0
654,1970-10-04,1970,4,10,40,4,Sunday,0
655,1970-10-25,1970,4,10,43,25,Sunday,0
656,1969-03-01,1969,1,3,9,1,Saturday,0
657,1969-05-04,1969,2,5,18,4,Sunday,0
658,1969-05-18,1969,2,5,20,18,Sunday,0
659,1969-06-21,1969,2,6,25,21,Saturday,0
660,1969-07-06,1969,3,7,27,6,Sunday,0
661,1969-07-19,1969,3,7,29,19,Saturday,0
662,1969-08-03,1969,3,8,31,3,Sunday,0
663,1969-09-07,1969,3,9,36,7,Sunday,0
664,1969-09-20,1969,3,9,38,20,Saturday,0
665,1969-10-05,1969,4,10,40,5,Sunday,0
666,1969-10-19,1969,4,10,42,19,Sunday,0
667,1968-01-01,1968,1,1,1,1,Monday,0
668,1968-05-12,1968,2,5,19,12,Sunday,0
669,1968-05-26,1968,2,5,21,26,Sunday,0
670,1968-06-09,1968,2,6,23,9,Sunday,0
671,1968-06-23,1968,2,6,25,23,Sunday,0
672,1968-07-07,1968,3,7,27,7,Sunday,0
673,1968-07-20,1968,3,7,29,20,Saturday,0
674,1968-08-04,1968,3,8,31,4,Sunday,0
675,1968-09-08,1968,3,9,36,8,Sunday,0
676,1968-09-22,1968,3,9,38,22,Sunday,0
677,1968-10-06,1968,4,10,40,6,Sunday,0
678,1968-11-03,1968,4,11,44,3,Sunday,0
679,1967-01-02,1967,1,1,1,2,Monday,0
680,1967-05-07,1967,2,5,18,7,Sunday,0
681,1967-06-04,1967,2,6,22,4,Sunday,0
682,1967-06-18,1967,2,6,24,18,Sunday,0
683,1967-07-02,1967,3,7,26,2,Sunday,0
684,1967-07-15,1967,3,7,28,15,Saturday,0
685,1967-08-06,1967,3,8,31,6,Sunday,0
686,1967-08-27,1967,3,8,34,27,Sunday,0
687,1967-09-10,1967,3,9,36,10,Sunday,0
688,1967-10-01,1967,4,10,39,1,Sunday,0
689,1967-10-22,1967,4,10,42,22,Sunday,0
690,1966-05-22,1966,2,5,20,22,Sunday,0
691,1966-06-12,1966,2,6,23,12,Sunday,0
692,1966-07-03,1966,3,7,26,3,Sunday,0
693,1966-07-16,1966,3,7,28,16,Saturday,0
694,1966-07-24,1966,3,7,29,24,Sunday,0
695,1966-08-07,1966,3,8,31,7,Sunday,0
696,1966-09-04,1966,3,9,35,4,Sunday,0
697,1966-10-02,1966,4,10,39,2,Sunday,0
698,1966-10-23,1966,4,10,42,23,Sunday,0
699,1965-01-01,1965,1,1,53,1,Friday,0
700,1965-05-30,1965,2,5,21,30,Sunday,0
701,1965-06-13,1965,2,6,23,13,Sunday,0
702,1965-06-27,1965,2,6,25,27,Sunday,0
703,1965-07-10,1965,3,7,27,10,Saturday,0
704,1965-07-18,1965,3,7,28,18,Sunday,0
705,1965-08-01,1965,3,8,30,1,Sunday,0
706,1965-09-12,1965,3,9,36,12,Sunday,0
707,1965-10-03,1965,4,10,39,3,Sunday,0
708,1965-10-24,1965,4,10,42,24,Sunday,0
709,1964-05-10,1964,2,5,19,10,Sunday,0
710,1964-05-24,1964,2,5,21,24,Sunday,0
711,1964-06-14,1964,2,6,24,14,Sunday,0
712,1964-06-28,1964,2,6,26,28,Sunday,0
713,1964-07-11,1964,3,7,28,11,Saturday,0
714,1964-08-02,1964,3,8,31,2,Sunday,0
715,1964-08-23,1964,3,8,34,23,Sunday,0
716,1964-09-06,1964,3,9,36,6,Sunday,0
717,1964-10-04,1964,4,10,40,4,Sunday,0
718,1964-10-25,1964,4,10,43,25,Sunday,0
719,1963-05-26,1963,2,5,21,26,Sunday,0
720,1963-06-09,1963,2,6,23,9,Sunday,0
721,1963-06-23,1963,2,6,25,23,Sunday,0
722,1963-06-30,1963,2,6,26,30,Sunday,0
723,1963-07-20,1963,3,7,29,20,Saturday,0
724,1963-08-04,1963,3,8,31,4,Sunday,0
725,1963-09-08,1963,3,9,36,8,Sunday,0
726,1963-10-06,1963,4,10,40,6,Sunday,0
727,1963-10-27,1963,4,10,43,27,Sunday,0
728,1963-12-28,1963,4,12,52,28,Saturday,0
729,1962-05-20,1962,2,5,20,20,Sunday,0
730,1962-06-03,1962,2,6,22,3,Sunday,0
731,1962-06-17,1962,2,6,24,17,Sunday,0
732,1962-07-08,1962,3,7,27,8,Sunday,0
733,1962-07-21,1962,3,7,29,21,Saturday,0
734,1962-08-05,1962,3,8,31,5,Sunday,0
735,1962-09-16,1962,3,9,37,16,Sunday,0
736,1962-10-07,1962,4,10,40,7,Sunday,0
737,1962-12-29,1962,4,12,52,29,Saturday,0
738,1961-05-14,1961,2,5,19,14,Sunday,0
739,1961-05-22,1961,2,5,21,22,Monday,0
740,1961-06-18,1961,2,6,24,18,Sunday,0
741,1961-07-02,1961,3,7,26,2,Sunday,0
742,1961-07-15,1961,3,7,28,15,Saturday,0
743,1961-08-06,1961,3,8,31,6,Sunday,0
744,1961-09-10,1961,3,9,36,10,Sunday,0
745,1961-10-08,1961,4,10,40,8,Sunday,0
746,1960-02-07,1960,1,2,5,7,Sunday,0
747,1960-05-29,1960,2,5,21,29,Sunday,0
748,1960-05-30,1960,2,5,22,30,Monday,0
749,1960-06-06,1960,2,6,23,6,Monday,0
750,1960-06-19,1960,2,6,24,19,Sunday,0
751,1960-07-03,1960,3,7,26,3,Sunday,0
752,1960-07-16,1960,3,7,28,16,Saturday,0
753,1960-08-14,1960,3,8,32,14,Sunday,0
754,1960-09-04,1960,3,9,35,4,Sunday,0
755,1960-11-20,1960,4,11,46,20,Sunday,0
756,1959-05-10,1959,2,5,19,10,Sunday,0
757,1959-05-30,1959,2,5,22,30,Saturday,0
758,1959-05-31,1959,2,5,22,31,Sunday,0
759,1959-07-05,1959,3,7,27,5,Sunday,0
760,1959-07-18,1959,3,7,29,18,Saturday,0
761,1959-08-02,1959,3,8,31,2,Sunday,0
762,1959-08-23,1959,3,8,34,23,Sunday,0
763,1959-09-13,1959,3,9,37,13,Sunday,0
764,1959-12-12,1959,4,12,50,12,Saturday,0
765,1958-01-19,1958,1,1,3,19,Sunday,0
766,1958-05-18,1958,2,5,20,18,Sunday,0
767,1958-05-26,1958,2,5,22,26,Monday,0
768,1958-05-30,1958,2,5,22,30,Friday,0
769,1958-06-15,1958,2,6,24,15,Sunday,0
770,1958-07-06,1958,3,7,27,6,Sunday,0
771,1958-07-19,1958,3,7,29,19,Saturday,0
772,1958-08-03,1958,3,8,31,3,Sunday,0
773,1958-08-24,1958,3,8,34,24,Sunday,0
774,1958-09-07,1958,3,9,36,7,Sunday,0
775,1958-10-19,1958,4,10,42,19,Sunday,0
776,1957-01-13,1957,1,1,2,13,Sunday,0
777,1957-05-19,1957,2,5,20,19,Sunday,0
778,1957-05-30,1957,2,5,22,30,Thursday,0
779,1957-07-07,1957,3,7,27,7,Sunday,0
780,1957-07-20,1957,3,7,29,20,Saturday,0
781,1957-08-04,1957,3,8,31,4,Sunday,0
782,1957-08-18,1957,3,8,33,18,Sunday,0
783,1957-09-08,1957,3,9,36,8,Sunday,0
784,1956-01-22,1956,1,1,3,22,Sunday,0
785,1956-05-13,1956,2,5,19,13,Sunday,0
786,1956-05-30,1956,2,5,22,30,Wednesday,0
787,1956-06-03,1956,2,6,22,3,Sunday,0
788,1956-07-01,1956,3,7,26,1,Sunday,0
789,1956-07-14,1956,3,7,28,14,Saturday,0
790,1956-08-05,1956,3,8,31,5,Sunday,0
791,1956-09-02,1956,3,9,35,2,Sunday,0
792,1955-01-16,1955,1,1,2,16,Sunday,0
793,1955-05-22,1955,2,5,20,22,Sunday,0
794,1955-05-30,1955,2,5,22,30,Monday,0
795,1955-06-05,1955,2,6,22,5,Sunday,0
796,1955-06-19,1955,2,6,24,19,Sunday,0
797,1955-07-16,1955,3,7,28,16,Saturday,0
798,1955-09-11,1955,3,9,36,11,Sunday,0
799,1954-01-17,1954,1,1,2,17,Sunday,0
800,1954-05-31,1954,2,5,22,31,Monday,0
801,1954-06-20,1954,2,6,24,20,Sunday,0
802,1954-07-04,1954,3,7,26,4,Sunday,0
803,1954-07-17,1954,3,7,28,17,Saturday,0
804,1954-08-01,1954,3,8,30,1,Sunday,0
805,1954-08-22,1954,3,8,33,22,Sunday,0
806,1954-09-05,1954,3,9,35,5,Sunday,0
807,1954-10-24,1954,4,10,42,24,Sunday,0
808,1953-01-18,1953,1,1,3,18,Sunday,0
809,1953-05-30,1953,2,5,22,30,Saturday,0
810,1953-06-07,1953,2,6,23,7,Sunday,0
811,1953-06-21,1953,2,6,25,21,Sunday,0
812,1953-07-05,1953,3,7,27,5,Sunday,0
813,1953-07-18,1953,3,7,29,18,Saturday,0
814,1953-08-02,1953,3,8,31,2,Sunday,0
815,1953-08-23,1953,3,8,34,23,Sunday,0
816,1953-09-13,1953,3,9,37,13,Sunday,0
817,1952-05-18,1952,2,5,20,18,Sunday,0
818,1952-05-30,1952,2,5,22,30,Friday,0
819,1952-06-22,1952,2,6,25,22,Sunday,0
820,1952-07-06,1952,3,7,27,6,Sunday,0
821,1952-07-19,1952,3,7,29,19,Saturday,0
822,1952-08-03,1952,3,8,31,3,Sunday,0
823,1952-08-17,1952,3,8,33,17,Sunday,0
824,1952-09-07,1952,3,9,36,7,Sunday,0
825,1951-05-27,1951,2,5,21,27,Sunday,0
826,1951-05-30,1951,2,5,22,30,Wednesday,0
827,1951-06-17,1951,2,6,24,17,Sunday,0
828,1951-07-01,1951,3,7,26,1,Sunday,0
829,1951-07-14,1951,3,7,28,14,Saturday,0
830,1951-07-29,1951,3,7,30,29,Sunday,0
831,1951-09-16,1951,3,9,37,16,Sunday,0
832,1951-10-28,1951,4,10,43,28,Sunday,0
833,1950-05-13,1950,2,5,19,13,Saturday,0
834,1950-05-21,1950,2,5,20,21,Sunday,0
835,1950-05-30,1950,2,5,22,30,Tuesday,0
836,1950-06-04,1950,2,6,22,4,Sunday,0
837,1950-06-18,1950,2,6,24,18,Sunday,0
838,1950-07-02,1950,3,7,26,2,Sunday,0
839,1950-09-03,1950,3,9,35,3,Sunday,0
840,2011-03-27,2011,1,3,12,27,Sunday,0
841,2011-04-10,2011,2,4,14,10,Sunday,0
842,2011-04-17,2011,2,4,15,17,Sunday,0
843,2011-05-08,2011,2,5,18,8,Sunday,0
844,2011-05-22,2011,2,5,20,22,Sunday,0
845,2011-05-29,2011,2,5,21,29,Sunday,0
846,2011-06-12,2011,2,6,23,12,Sunday,0
847,2011-06-26,2011,2,6,25,26,Sunday,0
848,2011-07-10,2011,3,7,27,10,Sunday,0
849,2011-07-24,2011,3,7,29,24,Sunday,0
850,2011-07-31,2011,3,7,30,31,Sunday,0
851,2011-08-28,2011,3,8,34,28,Sunday,0
852,2011-09-11,2011,3,9,36,11,Sunday,0
853,2011-09-25,2011,3,9,38,25,Sunday,0
854,2011-10-09,2011,4,10,40,9,Sunday,0
855,2011-10-16,2011,4,10,41,16,Sunday,0
856,2011-10-30,2011,4,10,43,30,Sunday,0
857,2011-11-13,2011,4,11,45,13,Sunday,0
858,2011-11-27,2011,4,11,47,27,Sunday,0
859,2012-03-18,2012,1,3,11,18,Sunday,0
860,2012-03-25,2012,1,3,12,25,Sunday,0
861,2012-04-15,2012,2,4,15,15,Sunday,0
862,2012-04-22,2012,2,4,16,22,Sunday,0
863,2012-05-13,2012,2,5,19,13,Sunday,0
864,2012-05-27,2012,2,5,21,27,Sunday,0
865,2012-06-10,2012,2,6,23,10,Sunday,0
866,2012-06-24,2012,2,6,25,24,Sunday,0
867,2012-07-08,2012,3,7,27,8,Sunday,0
868,2012-07-22,2012,3,7,29,22,Sunday,0
869,2012-07-29,2012,3,7,30,29,Sunday,0
870,2012-09-02,2012,3,9,35,2,Sunday,0
871,2012-09-09,2012,3,9,36,9,Sunday,0
872,2012-09-23,2012,3,9,38,23,Sunday,0
873,2012-10-07,2012,4,10,40,7,Sunday,0
874,2012-10-14,2012,4,10,41,14,Sunday,0
875,2012-10-28,2012,4,10,43,28,Sunday,0
876,2012-11-04,2012,4,11,44,4,Sunday,0
877,2012-11-18,2012,4,11,46,18,Sunday,0
878,2012-11-25,2012,4,11,47,25,Sunday,0
879,2013-03-17,2013,1,3,11,17,Sunday,0
880,2013-03-24,2013,1,3,12,24,Sunday,0
881,2013-04-14,2013,2,4,15,14,Sunday,0
882,2013-04-21,2013,2,4,16,21,Sunday,0
883,2013-05-12,2013,2,5,19,12,Sunday,0
884,2013-05-26,2013,2,5,21,26,Sunday,0
885,2013-06-09,2013,2,6,23,9,Sunday,0
886,2013-06-30,2013,2,6,26,30,Sunday,0
887,2013-07-07,2013,3,7,27,7,Sunday,0
888,2013-07-28,2013,3,7,30,28,Sunday,0
889,2013-08-25,2013,3,8,34,25,Sunday,0
890,2013-09-08,2013,3,9,36,8,Sunday,0
891,2013-09-22,2013,3,9,38,22,Sunday,0
892,2013-10-06,2013,4,10,40,6,Sunday,0
893,2013-10-13,2013,4,10,41,13,Sunday,0
894,2013-10-27,2013,4,10,43,27,Sunday,0
895,2013-11-03,2013,4,11,44,3,Sunday,0
896,2013-11-17,2013,4,11,46,17,Sunday,0
897,2013-11-24,2013,4,11,47,24,Sunday,0
898,2014-03-16,2014,1,3,11,16,Sunday,0
899,2014-03-30,2014,1,3,13,30,Sunday,0
900,2014-04-06,2014,2,4,14,6,Sunday,0
901,2014-04-20,2014,2,4,16,20,Sunday,0
902,2014-05-11,2014,2,5,19,11,Sunday,0
903,2014-05-25,2014,2,5,21,25,Sunday,0
904,2014-06-08,2014,2,6,23,8,Sunday,0
905,2014-06-22,2014,2,6,25,22,Sunday,0
906,2014-07-06,2014,3,7,27,6,Sunday,0
907,2014-07-20,2014,3,7,29,20,Sunday,0
908,2014-07-27,2014,3,7,30,27,Sunday,0
909,2014-08-24,2014,3,8,34,24,Sunday,0
910,2014-09-07,2014,3,9,36,7,Sunday,0
911,2014-09-21,2014,3,9,38,21,Sunday,0
912,2014-10-05,2014,4,10,40,5,Sunday,0
913,2014-10-12,2014,4,10,41,12,Sunday,0
914,2014-11-02,2014,4,11,44,2,Sunday,0
915,2014-11-09,2014,4,11,45,9,Sunday,0
916,2014-11-23,2014,4,11,47,23,Sunday,0
917,2015-05-24,2015,2,5,21,24,Sunday,0
918,2015-06-07,2015,2,6,23,7,Sunday,0
919,2015-04-19,2015,2,4,16,19,Sunday,0
920,2015-05-10,2015,2,5,19,10,Sunday,0
921,2015-04-12,2015,2,4,15,12,Sunday,0
922,2015-03-15,2015,1,3,11,15,Sunday,0
923,2015-03-29,2015,1,3,13,29,Sunday,0
924,2015-06-21,2015,2,6,25,21,Sunday,0
925,2015-07-05,2015,3,7,27,5,Sunday,0
926,2015-07-26,2015,3,7,30,26,Sunday,0
927,2015-08-23,2015,3,8,34,23,Sunday,0
928,2015-09-06,2015,3,9,36,6,Sunday,0
929,2015-09-20,2015,3,9,38,20,Sunday,0
930,2015-09-27,2015,3,9,39,27,Sunday,0
931,2015-10-11,2015,4,10,41,11,Sunday,0
932,2015-10-25,2015,4,10,43,25,Sunday,0
933,2015-11-01,2015,4,11,44,1,Sunday,0
934,2015-11-15,2015,4,11,46,15,Sunday,0
935,2015-11-29,2015,4,11,48,29,Sunday,0
936,2016-03-20,2016,1,3,11,20,Sunday,0
937,2016-04-03,2016,2,4,13,3,Sunday,0
938,2016-04-17,2016,2,4,15,17,Sunday,0
939,2016-05-01,2016,2,5,17,1,Sunday,0
940,2016-05-15,2016,2,5,19,15,Sunday,0
941,2016-05-29,2016,2,5,21,29,Sunday,0
942,2016-06-12,2016,2,6,23,12,Sunday,0
943,2016-06-19,2016,2,6,24,19,Sunday,0
944,2016-07-03,2016,3,7,26,3,Sunday,0
945,2016-07-10,2016,3,7,27,10,Sunday,0
946,2016-07-24,2016,3,7,29,24,Sunday,0
947,2016-07-31,2016,3,7,30,31,Sunday,0
948,2016-08-28,2016,3,8,34,28,Sunday,0
949,2016-09-04,2016,3,9,35,4,Sunday,0
950,2016-09-18,2016,3,9,37,18,Sunday,0
951,2016-10-02,2016,4,10,39,2,Sunday,0
952,2016-10-09,2016,4,10,40,9,Sunday,0
953,2016-10-23,2016,4,10,42,23,Sunday,0
954,2016-10-30,2016,4,10,43,30,Sunday,0
955,2016-11-13,2016,4,11,45,13,Sunday,0
956,2016-11-27,2016,4,11,47,27,Sunday,0
957,2017-03-26,2017,1,3,12,26,Sunday,0
958,2017-04-09,2017,2,4,14,9,Sunday,0
959,2017-04-16,2017,2,4,15,16,Sunday,0
960,2017-04-30,2017,2,4,17,30,Sunday,0
961,2017-05-14,2017,2,5,19,14,Sunday,0
962,2017-05-28,2017,2,5,21,28,Sunday,0
963,2017-06-11,2017,2,6,23,11,Sunday,0
964,2017-06-25,2017,2,6,25,25,Sunday,0
965,2017-07-09,2017,3,7,27,9,Sunday,0
966,2017-07-16,2017,3,7,28,16,Sunday,0
967,2017-07-30,2017,3,7,30,30,Sunday,0
968,2017-08-27,2017,3,8,34,27,Sunday,0
969,2017-09-03,2017,3,9,35,3,Sunday,0
970,2017-09-17,2017,3,9,37,17,Sunday,0
971,2017-10-01,2017,4,10,39,1,Sunday,0
972,2017-10-08,2017,4,10,40,8,Sunday,0
973,2017-10-22,2017,4,10,42,22,Sunday,0
974,2017-10-29,2017,4,10,43,29,Sunday,0
975,2017-11-12,2017,4,11,45,12,Sunday,0
976,2017-11-26,2017,4,11,47,26,Sunday,0
977,2018-03-25,2018,1,3,12,25,Sunday,0
978,2018-04-08,2018,2,4,14,8,Sunday,0
979,2018-04-15,2018,2,4,15,15,Sunday,0
980,2018-04-29,2018,2,4,17,29,Sunday,0
981,2018-05-13,2018,2,5,19,13,Sunday,0
982,2018-05-27,2018,2,5,21,27,Sunday,0
983,2018-06-10,2018,2,6,23,10,Sunday,0
984,2018-06-24,2018,2,6,25,24,Sunday,0
985,2018-07-01,2018,3,7,26,1,Sunday,0
986,2018-07-08,2018,3,7,27,8,Sunday,0
987,2018-07-22,2018,3,7,29,22,Sunday,0
988,2018-07-29,2018,3,7,30,29,Sunday,0
989,2018-08-26,2018,3,8,34,26,Sunday,0
990,2018-09-02,2018,3,9,35,2,Sunday,0
991,2018-09-16,2018,3,9,37,16,Sunday,0
992,2018-09-30,2018,3,9,39,30,Sunday,0
993,2018-10-07,2018,4,10,40,7,Sunday,0
994,2018-10-21,2018,4,10,42,21,Sunday,0
995,2018-10-28,2018,4,10,43,28,Sunday,0
996,2018-11-11,2018,4,11,45,11,Sunday,0
997,2018-11-25,2018,4,11,47,25,Sunday,0
998,2019-03-17,2019,1,3,11,17,Sunday,0
999,2019-03-31,2019,1,3,13,31,Sunday,0
1000,2019-04-14,2019,2,4,15,14,Sunday,0
1001,2019-04-28,2019,2,4,17,28,Sunday,0
1002,2019-05-12,2019,2,5,19,12,Sunday,0
1003,2019-05-26,2019,2,5,21,26,Sunday,0
1004,2019-06-09,2019,2,6,23,9,Sunday,0
1005,2019-06-23,2019,2,6,25,23,Sunday,0
1006,2019-06-30,2019,2,6,26,30,Sunday,0
1007,2019-07-14,2019,3,7,28,14,Sunday,0
1008,2019-07-28,2019,3,7,30,28,Sunday,0
1009,2019-08-04,2019,3,8,31,4,Sunday,0
1010,2019-09-01,2019,3,9,35,1,Sunday,0
1011,2019-09-08,2019,3,9,36,8,Sunday,0
1012,2019-09-22,2019,3,9,38,22,Sunday,0
1013,2019-09-29,2019,3,9,39,29,Sunday,0
1014,2019-10-13,2019,4,10,41,13,Sunday,0
1015,2019-10-27,2019,4,10,43,27,Sunday,0
1016,2019-11-03,2019,4,11,44,3,Sunday,0
1017,2019-11-17,2019,4,11,46,17,Sunday,0
1018,2019-12-01,2019,4,12,48,1,Sunday,0
1019,2020-07-05,2020,3,7,27,5,Sunday,0
1020,2020-07-12,2020,3,7,28,12,Sunday,0
1021,2020-07-19,2020,3,7,29,19,Sunday,0
1022,2020-08-02,2020,3,8,31,2,Sunday,0
1023,2020-08-09,2020,3,8,32,9,Sunday,0
1024,2020-08-16,2020,3,8,33,16,Sunday,0
1025,2020-08-30,2020,3,8,35,30,Sunday,0
1026,2020-09-06,2020,3,9,36,6,Sunday,0
1027,2020-09-13,2020,3,9,37,13,Sunday,0
1028,2020-09-27,2020,3,9,39,27,Sunday,0
1029,2020-10-11,2020,4,10,41,11,Sunday,0
1030,2020-10-25,2020,4,10,43,25,Sunday,0
1031,2020-11-01,2020,4,11,44,1,Sunday,0
1032,2020-11-15,2020,4,11,46,15,Sunday,0
1033,2020-11-29,2020,4,11,48,29,Sunday,0
1034,2020-12-06,2020,4,12,49,6,Sunday,0
1035,2020-12-13,2020,4,12,50,13,Sunday,0
1036,2021-04-18,2021,2,4,15,18,Sunday,0
1037,2022-03-20,2022,1,3,11,20,Sunday,0
1038,2021-03-28,2021,1,3,12,28,Sunday,0
1039,2021-11-21,2021,4,11,46,21,Sunday,0
1040,2021-05-02,2021,2,5,17,2,Sunday,0
1041,2021-05-09,2021,2,5,18,9,Sunday,0
1042,2021-05-23,2021,2,5,20,23,Sunday,0
1043,2021-06-06,2021,2,6,22,6,Sunday,0
1044,2021-06-27,2021,2,6,25,27,Sunday,0
1045,2021-06-20,2021,2,6,24,20,Sunday,0
1046,2021-07-04,2021,3,7,26,4,Sunday,0
1047,2021-07-18,2021,3,7,28,18,Sunday,0
1048,2021-08-01,2021,3,8,30,1,Sunday,0
1049,2021-08-29,2021,3,8,34,29,Sunday,0
1050,2021-09-05,2021,3,9,35,5,Sunday,0
1051,2021-09-12,2021,3,9,36,12,Sunday,0
1052,2021-09-26,2021,3,9,38,26,Sunday,0
1053,2021-10-10,2021,4,10,40,10,Sunday,0
1054,2021-10-24,2021,4,10,42,24,Sunday,0
1055,2021-11-07,2021,4,11,44,7,Sunday,0
1056,2021-11-14,2021,4,11,45,14,Sunday,0
1057,2021-12-05,2021,4,12,48,5,Sunday,0
1058,2021-12-12,2021,4,12,49,12,Sunday,0
1059,2022-03-27,2022,1,3,12,27,Sunday,0
1060,2022-04-10,2022,2,4,14,10,Sunday,0
1061,2022-04-24,2022,2,4,16,24,Sunday,0
1062,2022-05-08,2022,2,5,18,8,Sunday,0
1063,2022-05-22,2022,2,5,20,22,Sunday,0
1064,2022-05-29,2022,2,5,21,29,Sunday,0
1065,2022-06-12,2022,2,6,23,12,Sunday,0
1066,2022-06-19,2022,2,6,24,19,Sunday,0
1067,2022-07-03,2022,3,7,26,3,Sunday,0
1068,2022-07-10,2022,3,7,27,10,Sunday,0
1069,2022-07-24,2022,3,7,29,24,Sunday,0
1070,2022-07-31,2022,3,7,30,31,Sunday,0
1071,2022-08-28,2022,3,8,34,28,Sunday,0
1072,2022-09-04,2022,3,9,35,4,Sunday,0
1073,2022-09-11,2022,3,9,36,11,Sunday,0
1074,2022-10-02,2022,4,10,39,2,Sunday,0
1075,2022-10-09,2022,4,10,40,9,Sunday,0
1076,2022-10-23,2022,4,10,42,23,Sunday,0
1077,2022-10-30,2022,4,10,43,30,Sunday,0
1078,2022-11-13,2022,4,11,45,13,Sunday,0
1079,2022-11-20,2022,4,11,46,20,Sunday,0
1080,2023-03-05,2023,1,3,9,5,Sunday,0
1081,2023-03-19,2023,1,3,11,19,Sunday,0
1082,2023-04-02,2023,2,4,13,2,Sunday,0
1083,2023-04-30,2023,2,4,17,30,Sunday,0
1084,2023-05-07,2023,2,5,18,7,Sunday,0
1085,2023-05-28,2023,2,5,21,28,Sunday,0
1086,2023-06-04,2023,2,6,22,4,Sunday,0
1087,2023-06-18,2023,2,6,24,18,Sunday,0
1088,2023-07-02,2023,3,7,26,2,Sunday,0
1089,2023-07-09,2023,3,7,27,9,Sunday,0
1090,2023-07-23,2023,3,7,29,23,Sunday,0
1091,2023-07-30,2023,3,7,30,30,Sunday,0
1092,2023-08-27,2023,3,8,34,27,Sunday,0
1093,2023-09-03,2023,3,9,35,3,Sunday,0
1094,2023-09-17,2023,3,9,37,17,Sunday,0
1095,2023-09-24,2023,3,9,38,24,Sunday,0
1096,2023-10-08,2023,4,10,40,8,Sunday,0
1097,2023-10-22,2023,4,10,42,22,Sunday,0
1098,2023-10-29,2023,4,10,43,29,Sunday,0
1099,2023-11-05,2023,4,11,44,5,Sunday,0
1100,2023-11-19,2023,4,11,46,19,Sunday,0
1101,2023-11-26,2023,4,11,47,26,Sunday,0
1102,2024-03-02,2024,1,3,9,2,Saturday,0
1103,2024-03-09,2024,1,3,10,9,Saturday,0
1104,2024-03-24,2024,1,3,12,24,Sunday,0
1105,2024-04-07,2024,2,4,14,7,Sunday,0
1106,2024-04-21,2024,2,4,16,21,Sunday,0
1107,2024-05-05,2024,2,5,18,5,Sunday,0
1108,2024-05-19,2024,2,5,20,19,Sunday,0
1109,2024-05-26,2024,2,5,21,26,Sunday,0
1110,2024-06-09,2024,2,6,23,9,Sunday,0
1111,2024-06-23,2024,2,6,25,23,Sunday,0
1112,2024-06-30,2024,2,6,26,30,Sunday,0
1113,2024-07-07,2024,3,7,27,7,Sunday,0
1114,2024-07-21,2024,3,7,29,21,Sunday,0
1115,2024-07-28,2024,3,7,30,28,Sunday,0
1116,2024-08-25,2024,3,8,34,25,Sunday,0
1117,2024-09-01,2024,3,9,35,1,Sunday,0
1118,2024-09-15,2024,3,9,37,15,Sunday,0
1119,2024-09-22,2024,3,9,38,22,Sunday,0
1120,2024-10-20,2024,4,10,42,20,Sunday,0
1121,2024-10-27,2024,4,10,43,27,Sunday,0
1122,2024-11-03,2024,4,11,44,3,Sunday,0
1123,2024-11-23,2024,4,11,47,23,Saturday,0
1124,2024-12-01,2024,4,12,48,1,Sunday,0
1125,2024-12-08,2024,4,12,49,8,Sunday,0
